Date,BTC,OIL,GOLD,SP500,VIX
2014-09-17,457.3340148925781,94.41999816894531,1234.4000244140625,2001.5699462890625,12.649999618530273
2014-09-18,424.44000244140625,93.06999969482422,1225.699951171875,2011.3599853515625,12.029999732971191
2014-09-19,394.7959899902344,92.41000366210938,1215.300048828125,2010.4000244140625,12.109999656677246
2014-09-20,408.90399169921875,,,,
2014-09-21,398.8210144042969,,,,
2014-09-22,402.1520080566406,91.5199966430664,1216.800048828125,1994.2900390625,13.6899995803833
2014-09-23,435.7909851074219,91.55999755859375,1221.0,1982.77001953125,14.930000305175781
2014-09-24,423.2049865722656,92.80000305175781,1218.5999755859375,1998.300048828125,13.270000457763672
2014-09-25,411.5740051269531,92.52999877929688,1221.199951171875,1965.989990234375,15.640000343322754
2014-09-26,404.42498779296875,93.54000091552734,1214.0999755859375,1982.8499755859375,14.850000381469727
2014-09-27,399.5199890136719,,,,
2014-09-28,377.1809997558594,,,,
2014-09-29,375.4670104980469,94.56999969482422,1217.5,1977.800048828125,15.979999542236328
2014-09-30,386.9440002441406,91.16000366210938,1210.5,1972.2900390625,16.309999465942383
2014-10-01,383.614990234375,90.7300033569336,1214.5999755859375,1946.1600341796875,16.709999084472656
2014-10-02,375.0719909667969,91.01000213623047,1214.199951171875,1946.1700439453125,16.15999984741211
2014-10-03,359.5119934082031,89.73999786376953,1192.199951171875,1967.9000244140625,14.550000190734863
2014-10-04,328.8659973144531,,,,
2014-10-05,320.510009765625,,,,
2014-10-06,330.0790100097656,90.33999633789062,1206.699951171875,1964.8199462890625,15.460000038146973
2014-10-07,336.18701171875,88.8499984741211,1211.699951171875,1935.0999755859375,17.200000762939453
2014-10-08,352.94000244140625,87.30999755859375,1205.300048828125,1968.8900146484375,15.109999656677246
2014-10-09,365.0260009765625,85.7699966430664,1224.5999755859375,1928.2099609375,18.760000228881836
2014-10-10,361.56201171875,85.81999969482422,1221.0,1906.1300048828125,21.239999771118164
2014-10-11,362.29901123046875,,,,
2014-10-12,378.54901123046875,,,,
2014-10-13,390.41400146484375,85.73999786376953,1229.300048828125,1874.739990234375,24.639999389648438
2014-10-14,400.8699951171875,81.83999633789062,1233.5999755859375,1877.699951171875,22.790000915527344
2014-10-15,394.77301025390625,81.77999877929688,1244.0999755859375,1862.489990234375,25.270000457763672
2014-10-16,382.5559997558594,82.69999694824219,1240.5,1862.760009765625,25.200000762939453
2014-10-17,383.75799560546875,82.75,1238.300048828125,1886.760009765625,21.989999771118164
2014-10-18,391.4419860839844,,,,
2014-10-19,389.5459899902344,,,,
2014-10-20,382.8450012207031,82.70999908447266,1244.0,1904.010009765625,18.56999969482422
2014-10-21,386.4750061035156,82.80999755859375,1251.0,1941.280029296875,16.079999923706055
2014-10-22,383.1579895019531,80.5199966430664,1244.800048828125,1927.1099853515625,17.8700008392334
2014-10-23,358.4169921875,82.08999633789062,1228.5,1950.8199462890625,16.530000686645508
2014-10-24,358.3450012207031,81.01000213623047,1231.199951171875,1964.5799560546875,16.110000610351562
2014-10-25,347.27099609375,,,,
2014-10-26,354.7040100097656,,,,
2014-10-27,352.989013671875,81.0,1229.0999755859375,1961.6300048828125,16.040000915527344
2014-10-28,357.6180114746094,81.41999816894531,1229.199951171875,1985.050048828125,14.390000343322754
2014-10-29,335.59100341796875,82.19999694824219,1224.300048828125,1982.300048828125,15.149999618530273
2014-10-30,345.30499267578125,81.12000274658203,1198.0999755859375,1994.6500244140625,14.520000457763672
2014-10-31,338.3210144042969,80.54000091552734,1171.0999755859375,2018.050048828125,14.029999732971191
2014-11-01,325.7489929199219,,,,
2014-11-02,325.8919982910156,,,,
2014-11-03,327.5539855957031,78.77999877929688,1169.4000244140625,2017.81005859375,14.729999542236328
2014-11-04,330.49200439453125,77.19000244140625,1167.4000244140625,2012.0999755859375,14.890000343322754
2014-11-05,339.4859924316406,78.68000030517578,1145.4000244140625,2023.5699462890625,14.170000076293945
2014-11-06,349.2900085449219,77.91000366210938,1142.300048828125,2031.2099609375,13.670000076293945
2014-11-07,342.4150085449219,78.6500015258789,1169.5999755859375,2031.9200439453125,13.119999885559082
2014-11-08,345.4880065917969,,,,
2014-11-09,363.2640075683594,,,,
2014-11-10,366.92401123046875,77.4000015258789,1159.5999755859375,2038.260009765625,12.670000076293945
2014-11-11,367.69500732421875,77.94000244140625,1162.800048828125,2039.6800537109375,12.920000076293945
2014-11-12,423.5610046386719,77.18000030517578,1158.9000244140625,2038.25,13.020000457763672
2014-11-13,420.7349853515625,74.20999908447266,1161.0999755859375,2039.3299560546875,13.789999961853027
2014-11-14,397.8179931640625,75.81999969482422,1185.0,2039.8199462890625,13.3100004196167
2014-11-15,376.13299560546875,,,,
2014-11-16,387.8819885253906,,,,
2014-11-17,387.4079895019531,75.63999938964844,1183.0,2041.3199462890625,13.989999771118164
2014-11-18,375.197998046875,74.61000061035156,1196.699951171875,2051.800048828125,13.859999656677246
2014-11-19,380.55499267578125,74.58000183105469,1193.5999755859375,2048.719970703125,13.960000038146973
2014-11-20,357.8399963378906,75.58000183105469,1190.699951171875,2052.75,13.579999923706055
2014-11-21,350.8479919433594,76.51000213623047,1197.5,2063.5,12.899999618530273
2014-11-22,352.9200134277344,,,,
2014-11-23,367.572998046875,,,,
2014-11-24,376.9010009765625,75.77999877929688,1195.5,2069.409912109375,12.619999885559082
2014-11-25,375.3479919433594,74.08999633789062,1197.0999755859375,2067.030029296875,12.25
2014-11-26,368.3699951171875,73.69000244140625,1196.5999755859375,2072.830078125,12.069999694824219
2014-11-27,369.6700134277344,,,,
2014-11-28,376.4469909667969,66.1500015258789,1175.199951171875,2067.56005859375,13.329999923706055
2014-11-29,375.4909973144531,,,,
2014-11-30,378.0469970703125,,,,
2014-12-01,379.2449951171875,69.0,1218.0,2053.43994140625,14.15999984741211
2014-12-02,381.31500244140625,66.87999725341797,1199.199951171875,2066.550048828125,12.850000381469727
2014-12-03,375.010009765625,67.37999725341797,1208.5,2074.330078125,12.5
2014-12-04,369.60400390625,66.80999755859375,1207.5,2071.919921875,12.380000114440918
2014-12-05,376.85400390625,65.83999633789062,1190.0999755859375,2075.3701171875,11.890000343322754
2014-12-06,374.7850036621094,,,,
2014-12-07,375.0950012207031,,,,
2014-12-08,361.90899658203125,63.04999923706055,1194.699951171875,2060.31005859375,14.210000038146973
2014-12-09,352.218994140625,63.81999969482422,1231.5,2059.820068359375,15.350000381469727
2014-12-10,346.364990234375,60.939998626708984,1228.9000244140625,2026.1400146484375,18.530000686645508
2014-12-11,350.5060119628906,59.95000076293945,1225.0999755859375,2035.3299560546875,20.079999923706055
2014-12-12,352.5419921875,57.810001373291016,1222.0,2002.3299560546875,21.079999923706055
2014-12-13,347.3760070800781,,,,
2014-12-14,351.6319885253906,,,,
2014-12-15,345.3450012207031,55.90999984741211,1207.199951171875,1989.6300048828125,20.420000076293945
2014-12-16,327.06201171875,55.93000030517578,1193.9000244140625,1972.739990234375,23.56999969482422
2014-12-17,319.7760009765625,56.470001220703125,1194.300048828125,2012.8900146484375,19.440000534057617
2014-12-18,311.39599609375,54.11000061035156,1194.699951171875,2061.22998046875,16.809999465942383
2014-12-19,317.8429870605469,56.52000045776367,1195.9000244140625,2070.64990234375,16.489999771118164
2014-12-20,329.95599365234375,,,,
2014-12-21,320.8429870605469,,,,
2014-12-22,331.885986328125,55.2599983215332,1179.699951171875,2078.5400390625,15.25
2014-12-23,334.5719909667969,57.119998931884766,1177.9000244140625,2082.169921875,14.800000190734863
2014-12-24,322.53399658203125,55.84000015258789,1173.5,2081.8798828125,14.369999885559082
2014-12-25,319.00799560546875,,,,
2014-12-26,327.92401123046875,54.72999954223633,1195.300048828125,2088.77001953125,14.5
2014-12-27,315.8630065917969,,,,
2014-12-28,317.239013671875,,,,
2014-12-29,312.6700134277344,53.61000061035156,1181.699951171875,2090.570068359375,15.0600004196167
2014-12-30,310.73699951171875,54.119998931884766,1200.199951171875,2080.35009765625,15.920000076293945
2014-12-31,320.1929931640625,53.27000045776367,1183.9000244140625,2058.89990234375,19.200000762939453
2015-01-01,314.2489929199219,,,,
2015-01-02,315.0320129394531,52.689998626708984,1186.0,2058.199951171875,17.790000915527344
2015-01-03,281.0820007324219,,,,
2015-01-04,264.19500732421875,,,,
2015-01-05,274.4739990234375,50.040000915527344,1203.9000244140625,2020.5799560546875,19.920000076293945
2015-01-06,286.1889953613281,47.93000030517578,1219.300048828125,2002.6099853515625,21.1200008392334
2015-01-07,294.3370056152344,48.650001525878906,1210.5999755859375,2025.9000244140625,19.309999465942383
2015-01-08,283.3489990234375,48.790000915527344,1208.4000244140625,2062.139892578125,17.010000228881836
2015-01-09,290.4079895019531,48.36000061035156,1216.0,2044.81005859375,17.549999237060547
2015-01-10,274.7959899902344,,,,
2015-01-11,265.6600036621094,,,,
2015-01-12,267.7959899902344,46.06999969482422,1232.699951171875,2028.260009765625,19.600000381469727
2015-01-13,225.86099243164062,45.88999938964844,1234.300048828125,2023.030029296875,20.559999465942383
2015-01-14,178.10299682617188,48.47999954223633,1234.4000244140625,2011.27001953125,21.479999542236328
2015-01-15,209.843994140625,46.25,1264.699951171875,1992.6700439453125,22.389999389648438
2015-01-16,208.0970001220703,48.689998626708984,1276.9000244140625,2019.4200439453125,20.950000762939453
2015-01-17,199.25999450683594,,,,
2015-01-18,210.33900451660156,,,,
2015-01-19,214.86099243164062,,,,
2015-01-20,211.31500244140625,46.38999938964844,1294.199951171875,2022.550048828125,19.889999389648438
2015-01-21,226.89700317382812,47.779998779296875,1293.699951171875,2032.1199951171875,18.850000381469727
2015-01-22,233.406005859375,46.310001373291016,1300.699951171875,2063.14990234375,16.399999618530273
2015-01-23,232.87899780273438,45.59000015258789,1292.5999755859375,2051.820068359375,16.65999984741211
2015-01-24,247.8470001220703,,,,
2015-01-25,253.71800231933594,,,,
2015-01-26,273.4729919433594,45.150001525878906,1279.4000244140625,2057.090087890625,15.520000457763672
2015-01-27,263.4750061035156,46.22999954223633,1291.699951171875,2029.550048828125,17.219999313354492
2015-01-28,233.9149932861328,44.45000076293945,1285.9000244140625,2002.1600341796875,20.440000534057617
2015-01-29,233.51300048828125,44.529998779296875,1254.5999755859375,2021.25,18.760000228881836
2015-01-30,226.4250030517578,48.2400016784668,1278.5,1994.989990234375,20.969999313354492
2015-01-31,217.46400451660156,,,,
2015-02-01,226.9720001220703,,,,
2015-02-02,238.22900390625,49.56999969482422,1276.199951171875,2020.8499755859375,19.43000030517578
2015-02-03,227.26800537109375,53.04999923706055,1259.699951171875,2050.030029296875,17.329999923706055
2015-02-04,226.85299682617188,48.45000076293945,1263.800048828125,2041.510009765625,18.329999923706055
2015-02-05,217.11099243164062,50.47999954223633,1262.0,2062.52001953125,16.850000381469727
2015-02-06,222.26600646972656,51.689998626708984,1233.9000244140625,2055.469970703125,17.290000915527344
2015-02-07,227.75399780273438,,,,
2015-02-08,223.41200256347656,,,,
2015-02-09,220.11000061035156,52.86000061035156,1240.800048828125,2046.739990234375,18.549999237060547
2015-02-10,219.83900451660156,50.02000045776367,1231.5999755859375,2068.590087890625,17.229999542236328
2015-02-11,219.18499755859375,48.84000015258789,1219.0,2068.530029296875,16.959999084472656
2015-02-12,221.76400756835938,51.209999084472656,1220.0999755859375,2088.47998046875,15.34000015258789
2015-02-13,235.427001953125,52.779998779296875,1226.5,2096.989990234375,14.6899995803833
2015-02-14,257.3210144042969,,,,
2015-02-15,234.8249969482422,,,,
2015-02-16,233.84300231933594,,,,
2015-02-17,243.61000061035156,53.529998779296875,1208.0999755859375,2100.340087890625,15.800000190734863
2015-02-18,236.3260040283203,52.13999938964844,1199.699951171875,2099.679931640625,15.449999809265137
2015-02-19,240.2830047607422,51.15999984741211,1207.0999755859375,2097.449951171875,15.289999961853027
2015-02-20,243.7790069580078,50.34000015258789,1204.4000244140625,2110.300048828125,14.300000190734863
2015-02-21,244.53399658203125,,,,
2015-02-22,235.9770050048828,,,,
2015-02-23,238.89199829101562,49.45000076293945,1200.300048828125,2109.659912109375,14.5600004196167
2015-02-24,238.73500061035156,49.279998779296875,1196.9000244140625,2115.47998046875,13.6899995803833
2015-02-25,237.47000122070312,50.9900016784668,1201.0,2113.860107421875,13.84000015258789
2015-02-26,236.42599487304688,48.16999816894531,1209.5999755859375,2110.739990234375,13.90999984741211
2015-02-27,253.8280029296875,49.7599983215332,1212.5999755859375,2104.5,13.34000015258789
2015-02-28,254.26300048828125,,,,
2015-03-01,260.2019958496094,,,,
2015-03-02,275.6700134277344,49.59000015258789,1207.699951171875,2117.389892578125,13.039999961853027
2015-03-03,281.7019958496094,50.52000045776367,1204.0,2107.780029296875,13.859999656677246
2015-03-04,273.0920104980469,51.529998779296875,1200.5999755859375,2098.530029296875,14.229999542236328
2015-03-05,276.1780090332031,50.7599983215332,1195.9000244140625,2101.0400390625,14.039999961853027
2015-03-06,272.7229919433594,49.61000061035156,1164.0999755859375,2071.260009765625,15.199999809265137
2015-03-07,276.260986328125,,,,
2015-03-08,274.35400390625,,,,
2015-03-09,289.60699462890625,50.0,1166.4000244140625,2079.429931640625,15.0600004196167
2015-03-10,291.760009765625,48.290000915527344,1160.0999755859375,2044.1600341796875,16.690000534057617
2015-03-11,296.3789978027344,48.16999816894531,1150.699951171875,2040.239990234375,16.8700008392334
2015-03-12,294.35400390625,47.04999923706055,1152.0999755859375,2065.949951171875,15.420000076293945
2015-03-13,285.3370056152344,44.84000015258789,1152.5999755859375,2053.39990234375,16.0
2015-03-14,281.885009765625,,,,
2015-03-15,286.39300537109375,,,,
2015-03-16,290.5929870605469,43.880001068115234,1153.300048828125,2081.18994140625,15.609999656677246
2015-03-17,285.5050048828125,43.459999084472656,1148.300048828125,2074.280029296875,15.65999984741211
2015-03-18,256.29901123046875,44.65999984741211,1151.4000244140625,2099.5,13.970000267028809
2015-03-19,260.9280090332031,43.959999084472656,1169.0999755859375,2089.27001953125,14.069999694824219
2015-03-20,261.7489929199219,45.720001220703125,1184.800048828125,2108.10009765625,13.020000457763672
2015-03-21,260.0249938964844,,,,
2015-03-22,267.9599914550781,,,,
2015-03-23,266.739990234375,47.45000076293945,1188.0,2104.419921875,13.40999984741211
2015-03-24,245.59500122070312,47.5099983215332,1191.699951171875,2091.5,13.619999885559082
2015-03-25,246.19700622558594,49.209999084472656,1197.300048828125,2061.050048828125,15.4399995803833
2015-03-26,248.53199768066406,51.43000030517578,1205.0999755859375,2056.14990234375,15.800000190734863
2015-03-27,247.0290069580078,48.869998931884766,1199.800048828125,2061.02001953125,15.069999694824219
2015-03-28,252.79800415039062,,,,
2015-03-29,242.71299743652344,,,,
2015-03-30,247.5260009765625,48.68000030517578,1184.800048828125,2086.239990234375,14.510000228881836
2015-03-31,244.2239990234375,47.599998474121094,1183.0999755859375,2067.889892578125,15.289999961853027
2015-04-01,247.27200317382812,50.09000015258789,1208.0999755859375,2059.68994140625,15.109999656677246
2015-04-02,253.0050048828125,49.13999938964844,1200.9000244140625,2066.9599609375,14.670000076293945
2015-04-03,254.32200622558594,,,,
2015-04-04,253.69700622558594,,,,
2015-04-05,260.5979919433594,,,,
2015-04-06,255.49200439453125,52.13999938964844,1218.5999755859375,2080.6201171875,14.739999771118164
2015-04-07,253.17999267578125,53.97999954223633,1210.5999755859375,2076.330078125,14.779999732971191
2015-04-08,245.02200317382812,50.41999816894531,1203.0999755859375,2081.89990234375,13.979999542236328
2015-04-09,243.67599487304688,50.790000915527344,1193.5999755859375,2091.179931640625,13.09000015258789
2015-04-10,236.07200622558594,51.63999938964844,1204.5999755859375,2102.06005859375,12.579999923706055
2015-04-11,236.552001953125,,,,
2015-04-12,236.1529998779297,,,,
2015-04-13,224.58700561523438,51.90999984741211,1199.300048828125,2092.429931640625,13.9399995803833
2015-04-14,219.15899658203125,53.290000915527344,1192.800048828125,2095.840087890625,13.670000076293945
2015-04-15,223.83299255371094,56.38999938964844,1201.5,2106.6298828125,12.84000015258789
2015-04-16,228.572998046875,56.709999084472656,1198.0,2104.989990234375,12.600000381469727
2015-04-17,222.8820037841797,55.7400016784668,1202.9000244140625,2081.179931640625,13.890000343322754
2015-04-18,223.3560028076172,,,,
2015-04-19,222.60000610351562,,,,
2015-04-20,224.62600708007812,56.380001068115234,1193.5,2100.39990234375,13.300000190734863
2015-04-21,235.2689971923828,55.2599983215332,1202.9000244140625,2097.2900390625,13.25
2015-04-22,234.17599487304688,56.15999984741211,1186.9000244140625,2107.9599609375,12.710000038146973
2015-04-23,236.46200561523438,57.7400016784668,1194.4000244140625,2112.929931640625,12.479999542236328
2015-04-24,231.26800537109375,57.150001525878906,1175.199951171875,2117.68994140625,12.289999961853027
2015-04-25,226.38999938964844,,,,
2015-04-26,219.42999267578125,,,,
2015-04-27,229.28599548339844,56.9900016784668,1203.300048828125,2108.919921875,13.119999885559082
2015-04-28,225.85499572753906,57.060001373291016,1214.0,2114.760009765625,12.40999984741211
2015-04-29,225.80799865722656,58.58000183105469,1209.800048828125,2106.85009765625,13.390000343322754
2015-04-30,236.14500427246094,59.630001068115234,1182.4000244140625,2085.510009765625,14.550000190734863
2015-05-01,232.07899475097656,59.150001525878906,1174.5,2108.2900390625,12.699999809265137
2015-05-02,234.92999267578125,,,,
2015-05-03,240.35800170898438,,,,
2015-05-04,239.01800537109375,58.93000030517578,1186.800048828125,2114.489990234375,12.850000381469727
2015-05-05,236.12100219726562,60.400001525878906,1193.199951171875,2089.4599609375,14.3100004196167
2015-05-06,229.78199768066406,60.93000030517578,1190.300048828125,2080.14990234375,15.149999618530273
2015-05-07,237.33399963378906,58.939998626708984,1182.4000244140625,2088.0,15.130000114440918
2015-05-08,243.86300659179688,59.38999938964844,1189.0999755859375,2116.10009765625,12.859999656677246
2015-05-09,241.83200073242188,,,,
2015-05-10,240.29600524902344,,,,
2015-05-11,242.1580047607422,59.25,1183.199951171875,2105.330078125,13.850000381469727
2015-05-12,241.11199951171875,60.75,1192.5999755859375,2099.1201171875,13.859999656677246
2015-05-13,236.3769989013672,60.5,1218.4000244140625,2098.47998046875,13.760000228881836
2015-05-14,236.9290008544922,59.880001068115234,1225.4000244140625,2121.10009765625,12.739999771118164
2015-05-15,237.60499572753906,59.689998626708984,1225.5,2122.72998046875,12.380000114440918
2015-05-16,236.1529998779297,,,,
2015-05-17,236.802001953125,,,,
2015-05-18,233.1280059814453,59.43000030517578,1227.800048828125,2129.199951171875,12.729999542236328
2015-05-19,231.94700622558594,57.2599983215332,1206.9000244140625,2127.830078125,12.850000381469727
2015-05-20,234.01800537109375,58.97999954223633,1208.9000244140625,2125.85009765625,12.880000114440918
2015-05-21,235.343994140625,60.720001220703125,1204.4000244140625,2130.820068359375,12.109999656677246
2015-05-22,240.34800720214844,59.720001220703125,1204.300048828125,2126.06005859375,12.130000114440918
2015-05-23,238.8719940185547,,,,
2015-05-24,240.9530029296875,,,,
2015-05-25,237.11000061035156,,,,
2015-05-26,237.11599731445312,58.029998779296875,1187.199951171875,2104.199951171875,14.0600004196167
2015-05-27,237.2830047607422,57.5099983215332,1185.9000244140625,2123.47998046875,13.270000457763672
2015-05-28,237.4080047607422,57.68000030517578,1188.0999755859375,2120.7900390625,13.3100004196167
2015-05-29,237.0959930419922,60.29999923706055,1189.4000244140625,2107.389892578125,13.84000015258789
2015-05-30,233.34500122070312,,,,
2015-05-31,230.19000244140625,,,,
2015-06-01,222.92599487304688,60.20000076293945,1188.300048828125,2111.72998046875,13.970000267028809
2015-06-02,225.80299377441406,61.2599983215332,1194.0999755859375,2109.60009765625,14.239999771118164
2015-06-03,225.87399291992188,59.63999938964844,1184.699951171875,2114.070068359375,13.65999984741211
2015-06-04,224.32400512695312,58.0,1174.9000244140625,2095.840087890625,14.710000038146973
2015-06-05,224.95199584960938,59.130001068115234,1167.800048828125,2092.830078125,14.210000038146973
2015-06-06,225.61900329589844,,,,
2015-06-07,222.88099670410156,,,,
2015-06-08,228.48899841308594,58.13999938964844,1173.199951171875,2079.280029296875,15.289999961853027
2015-06-09,229.04800415039062,60.13999938964844,1177.300048828125,2080.14990234375,14.470000267028809
2015-06-10,228.80299377441406,61.43000030517578,1186.0999755859375,2105.199951171875,13.220000267028809
2015-06-11,229.7050018310547,60.77000045776367,1179.9000244140625,2108.860107421875,12.850000381469727
2015-06-12,229.98199462890625,59.959999084472656,1178.800048828125,2094.110107421875,13.779999732971191
2015-06-13,232.40199279785156,,,,
2015-06-14,233.54299926757812,,,,
2015-06-15,236.822998046875,59.52000045776367,1185.300048828125,2084.429931640625,15.390000343322754
2015-06-16,250.89500427246094,59.970001220703125,1180.5,2096.2900390625,14.8100004196167
2015-06-17,249.28399658203125,59.91999816894531,1176.4000244140625,2100.43994140625,14.5
2015-06-18,249.0070037841797,60.45000076293945,1201.5,2121.239990234375,13.1899995803833
2015-06-19,244.6060028076172,59.61000061035156,1201.5,2109.989990234375,13.960000038146973
2015-06-20,245.21200561523438,,,,
2015-06-21,243.94400024414062,,,,
2015-06-22,246.99000549316406,59.68000030517578,1183.699951171875,2122.85009765625,12.739999771118164
2015-06-23,244.29600524902344,61.0099983215332,1176.199951171875,2124.199951171875,12.109999656677246
2015-06-24,240.51499938964844,60.27000045776367,1172.5999755859375,2108.580078125,13.260000228881836
2015-06-25,242.7989959716797,59.70000076293945,1171.5,2102.31005859375,14.010000228881836
2015-06-26,243.593994140625,59.630001068115234,1172.9000244140625,2101.489990234375,14.020000457763672
2015-06-27,250.99000549316406,,,,
2015-06-28,249.01100158691406,,,,
2015-06-29,257.0639953613281,58.33000183105469,1178.5,2057.639892578125,18.850000381469727
2015-06-30,263.0719909667969,59.470001220703125,1171.5,2063.110107421875,18.229999542236328
2015-07-01,258.6210021972656,56.959999084472656,1169.0,2077.419921875,16.09000015258789
2015-07-02,255.41200256347656,56.93000030517578,1163.0,2076.780029296875,16.790000915527344
2015-07-03,256.33599853515625,,,,
2015-07-04,260.885986328125,,,,
2015-07-05,271.9129943847656,,,,
2015-07-06,269.0299987792969,52.529998779296875,1172.9000244140625,2068.760009765625,17.010000228881836
2015-07-07,266.2070007324219,52.33000183105469,1152.4000244140625,2081.340087890625,16.09000015258789
2015-07-08,270.7850036621094,51.650001525878906,1163.300048828125,2046.6800537109375,19.65999984741211
2015-07-09,269.2279968261719,52.779998779296875,1159.0,2051.31005859375,19.969999313354492
2015-07-10,284.8940124511719,52.7400016784668,1157.699951171875,2076.6201171875,16.829999923706055
2015-07-11,293.114990234375,,,,
2015-07-12,310.86700439453125,,,,
2015-07-13,292.0539855957031,52.20000076293945,1155.199951171875,2099.60009765625,13.899999618530273
2015-07-14,287.4639892578125,53.040000915527344,1153.300048828125,2108.949951171875,13.369999885559082
2015-07-15,285.8290100097656,51.40999984741211,1147.199951171875,2107.39990234375,13.229999542236328
2015-07-16,278.0889892578125,50.90999984741211,1143.800048828125,2124.2900390625,12.109999656677246
2015-07-17,279.47198486328125,50.88999938964844,1131.800048828125,2126.639892578125,11.949999809265137
2015-07-18,274.9010009765625,,,,
2015-07-19,273.614013671875,,,,
2015-07-20,278.9809875488281,50.150001525878906,1106.699951171875,2128.280029296875,12.25
2015-07-21,275.8330078125,50.36000061035156,1103.4000244140625,2119.2099609375,12.220000267028809
2015-07-22,277.22198486328125,49.189998626708984,1091.4000244140625,2114.14990234375,12.119999885559082
2015-07-23,276.04901123046875,48.45000076293945,1094.0,2102.14990234375,12.640000343322754
2015-07-24,288.27801513671875,48.13999938964844,1085.5999755859375,2079.64990234375,13.739999771118164
2015-07-25,288.6969909667969,,,,
2015-07-26,292.6860046386719,,,,
2015-07-27,293.6239929199219,47.38999938964844,1096.5,2067.639892578125,15.600000381469727
2015-07-28,294.427001953125,47.97999954223633,1096.300048828125,2093.25,13.4399995803833
2015-07-29,289.5899963378906,48.790000915527344,1092.699951171875,2108.570068359375,12.5
2015-07-30,287.72198486328125,48.52000045776367,1088.4000244140625,2108.6298828125,12.130000114440918
2015-07-31,284.6499938964844,47.119998931884766,1094.9000244140625,2103.840087890625,12.119999885559082
2015-08-01,281.60101318359375,,,,
2015-08-02,282.614013671875,,,,
2015-08-03,281.22698974609375,45.16999816894531,1089.4000244140625,2098.0400390625,12.5600004196167
2015-08-04,285.2179870605469,45.7400016784668,1090.699951171875,2093.320068359375,13.0
2015-08-05,281.8819885253906,45.150001525878906,1085.699951171875,2099.840087890625,12.510000228881836
2015-08-06,278.5769958496094,44.65999984741211,1090.199951171875,2083.56005859375,13.770000457763672
2015-08-07,279.5849914550781,43.869998931884766,1094.0999755859375,2077.570068359375,13.390000343322754
2015-08-08,260.99700927734375,,,,
2015-08-09,265.0830078125,,,,
2015-08-10,264.4700012207031,44.959999084472656,1104.199951171875,2104.179931640625,12.229999542236328
2015-08-11,270.385986328125,43.08000183105469,1107.5999755859375,2084.070068359375,13.710000038146973
2015-08-12,266.3760070800781,43.29999923706055,1123.199951171875,2086.050048828125,13.609999656677246
2015-08-13,264.0799865722656,42.22999954223633,1115.699951171875,2083.389892578125,13.489999771118164
2015-08-14,265.67999267578125,42.5,1112.9000244140625,2091.5400390625,12.829999923706055
2015-08-15,261.5509948730469,,,,
2015-08-16,258.5069885253906,,,,
2015-08-17,257.97601318359375,41.869998931884766,1118.5999755859375,2102.43994140625,13.020000457763672
2015-08-18,211.07899475097656,42.619998931884766,1117.0999755859375,2096.919921875,13.789999961853027
2015-08-19,226.6840057373047,40.79999923706055,1128.0999755859375,2079.610107421875,15.25
2015-08-20,235.35000610351562,41.13999938964844,1153.0,2035.72998046875,19.139999389648438
2015-08-21,232.56900024414062,40.45000076293945,1159.5999755859375,1970.8900146484375,28.030000686645508
2015-08-22,230.38999938964844,,,,
2015-08-23,228.16900634765625,,,,
2015-08-24,210.4949951171875,38.2400016784668,1153.4000244140625,1893.2099609375,40.7400016784668
2015-08-25,221.60899353027344,39.310001373291016,1138.199951171875,1867.6099853515625,36.02000045776367
2015-08-26,225.83099365234375,38.599998474121094,1124.5999755859375,1940.510009765625,30.31999969482422
2015-08-27,224.7689971923828,42.560001373291016,1122.4000244140625,1987.6600341796875,26.100000381469727
2015-08-28,231.39599609375,45.220001220703125,1133.0999755859375,1988.8699951171875,26.049999237060547
2015-08-29,229.77999877929688,,,,
2015-08-30,228.76100158691406,,,,
2015-08-31,230.05599975585938,49.20000076293945,1131.5999755859375,1972.1800537109375,28.43000030517578
2015-09-01,228.12100219726562,45.40999984741211,1138.699951171875,1913.8499755859375,31.399999618530273
2015-09-02,229.28399658203125,46.25,1132.5,1948.8599853515625,26.09000015258789
2015-09-03,227.18299865722656,46.75,1123.699951171875,1951.1300048828125,25.610000610351562
2015-09-04,230.29800415039062,46.04999923706055,1120.5999755859375,1921.219970703125,27.799999237060547
2015-09-05,235.0189971923828,,,,
2015-09-06,239.83999633789062,,,,
2015-09-07,239.8470001220703,,,,
2015-09-08,243.60699462890625,45.939998626708984,1120.4000244140625,1969.4100341796875,24.899999618530273
2015-09-09,238.16799926757812,44.150001525878906,1102.199951171875,1942.0400390625,26.229999542236328
2015-09-10,238.4770050048828,45.91999816894531,1109.5,1952.2900390625,24.3700008392334
2015-09-11,240.10699462890625,44.630001068115234,1103.5,1961.050048828125,23.200000762939453
2015-09-12,235.22900390625,,,,
2015-09-13,230.51199340820312,,,,
2015-09-14,230.6439971923828,44.0,1107.699951171875,1953.030029296875,24.25
2015-09-15,230.3040008544922,44.59000015258789,1102.800048828125,1978.0899658203125,22.540000915527344
2015-09-16,229.09100341796875,47.150001525878906,1119.199951171875,1995.31005859375,21.350000381469727
2015-09-17,229.80999755859375,46.900001525878906,1117.300048828125,1990.199951171875,21.139999389648438
2015-09-18,232.97500610351562,44.68000030517578,1138.0999755859375,1958.030029296875,22.280000686645508
2015-09-19,231.4929962158203,,,,
2015-09-20,231.21200561523438,,,,
2015-09-21,227.0850067138672,46.68000030517578,1133.0999755859375,1966.969970703125,20.139999389648438
2015-09-22,230.6179962158203,45.83000183105469,1125.0,1942.739990234375,22.440000534057617
2015-09-23,230.2830047607422,44.47999954223633,1131.5999755859375,1938.760009765625,22.1299991607666
2015-09-24,234.5290069580078,44.90999984741211,1153.800048828125,1932.239990234375,23.469999313354492
2015-09-25,235.1439971923828,45.70000076293945,1146.0,1931.3399658203125,23.6200008392334
2015-09-26,234.33999633789062,,,,
2015-09-27,232.7570037841797,,,,
2015-09-28,239.14199829101562,44.43000030517578,1132.0,1881.77001953125,27.6299991607666
2015-09-29,236.68699645996094,45.22999954223633,1127.0999755859375,1884.0899658203125,26.829999923706055
2015-09-30,236.05999755859375,45.09000015258789,1115.5,1920.030029296875,24.5
2015-10-01,237.5489959716797,44.7400016784668,1114.199951171875,1923.8199462890625,22.549999237060547
2015-10-02,237.29299926757812,45.540000915527344,1137.0999755859375,1951.3599853515625,20.940000534057617
2015-10-03,238.72999572753906,,,,
2015-10-04,238.25900268554688,,,,
2015-10-05,240.38299560546875,46.2599983215332,1138.0999755859375,1987.050048828125,19.540000915527344
2015-10-06,246.06300354003906,48.529998779296875,1146.800048828125,1979.9200439453125,19.399999618530273
2015-10-07,242.968994140625,47.810001373291016,1149.0,1995.8299560546875,18.399999618530273
2015-10-08,242.3040008544922,49.43000030517578,1144.699951171875,2013.4300537109375,17.420000076293945
2015-10-09,243.93099975585938,49.630001068115234,1156.300048828125,2014.8900146484375,17.079999923706055
2015-10-10,244.9409942626953,,,,
2015-10-11,247.0500030517578,,,,
2015-10-12,245.30799865722656,47.099998474121094,1164.9000244140625,2017.4599609375,16.170000076293945
2015-10-13,249.50799560546875,46.65999984741211,1165.800048828125,2003.68994140625,17.670000076293945
2015-10-14,251.98899841308594,46.63999938964844,1180.0999755859375,1994.239990234375,18.030000686645508
2015-10-15,254.32000732421875,46.380001068115234,1187.9000244140625,2023.8599853515625,16.049999237060547
2015-10-16,262.8689880371094,47.2599983215332,1183.5999755859375,2033.1099853515625,15.050000190734863
2015-10-17,270.6400146484375,,,,
2015-10-18,261.64300537109375,,,,
2015-10-19,263.43701171875,45.88999938964844,1173.300048828125,2033.6600341796875,14.979999542236328
2015-10-20,269.4630126953125,45.54999923706055,1178.0,2030.77001953125,15.75
2015-10-21,266.2720031738281,45.20000076293945,1167.5999755859375,2018.93994140625,16.700000762939453
2015-10-22,274.02301025390625,45.380001068115234,1166.5999755859375,2052.510009765625,14.449999809265137
2015-10-23,276.4960021972656,44.599998474121094,1163.300048828125,2075.14990234375,14.460000038146973
2015-10-24,281.65399169921875,,,,
2015-10-25,283.67999267578125,,,,
2015-10-26,285.29998779296875,43.97999954223633,1167.0,2071.179931640625,15.289999961853027
2015-10-27,293.7879943847656,43.20000076293945,1166.800048828125,2065.889892578125,15.430000305175781
2015-10-28,304.6180114746094,45.939998626708984,1177.0999755859375,2090.35009765625,14.329999923706055
2015-10-29,313.8550109863281,46.060001373291016,1147.199951171875,2089.409912109375,14.609999656677246
2015-10-30,328.0150146484375,46.59000015258789,1141.5,2079.360107421875,15.069999694824219
2015-10-31,314.1659851074219,,,,
2015-11-01,325.4309997558594,,,,
2015-11-02,361.1889953613281,46.13999938964844,1135.800048828125,2104.050048828125,14.149999618530273
2015-11-03,403.4169921875,47.900001525878906,1114.199951171875,2109.7900390625,14.539999961853027
2015-11-04,411.56298828125,46.31999969482422,1106.5,2102.31005859375,15.510000228881836
2015-11-05,386.35400390625,45.20000076293945,1104.4000244140625,2099.929931640625,15.050000190734863
2015-11-06,374.4700012207031,44.290000915527344,1087.5999755859375,2099.199951171875,14.329999923706055
2015-11-07,386.48199462890625,,,,
2015-11-08,373.3680114746094,,,,
2015-11-09,380.2569885253906,43.869998931884766,1087.9000244140625,2078.580078125,16.520000457763672
2015-11-10,336.8190002441406,44.209999084472656,1088.199951171875,2081.719970703125,15.289999961853027
2015-11-11,311.0840148925781,42.93000030517578,1084.699951171875,2075.0,16.059999465942383
2015-11-12,338.1520080566406,41.75,1080.800048828125,2045.969970703125,18.3700008392334
2015-11-13,336.75299072265625,40.7400016784668,1080.800048828125,2023.0400390625,20.079999923706055
2015-11-14,332.906005859375,,,,
2015-11-15,320.1659851074219,,,,
2015-11-16,330.7510070800781,41.7400016784668,1083.699951171875,2053.18994140625,18.15999984741211
2015-11-17,335.093994140625,40.66999816894531,1068.699951171875,2050.43994140625,18.84000015258789
2015-11-18,334.5899963378906,40.75,1068.800048828125,2083.580078125,16.850000381469727
2015-11-19,326.14898681640625,40.540000915527344,1078.0,2081.239990234375,16.989999771118164
2015-11-20,322.0220031738281,40.38999938964844,1076.4000244140625,2089.169921875,15.470000267028809
2015-11-21,326.927001953125,,,,
2015-11-22,324.5360107421875,,,,
2015-11-23,323.0459899902344,41.75,1066.800048828125,2086.590087890625,15.619999885559082
2015-11-24,320.0459899902344,42.869998931884766,1074.300048828125,2089.139892578125,15.930000305175781
2015-11-25,328.20599365234375,43.040000915527344,1070.5,2088.8701171875,15.1899995803833
2015-11-26,352.6839904785156,,,,
2015-11-27,358.0419921875,41.709999084472656,1056.199951171875,2090.110107421875,15.119999885559082
2015-11-28,357.3810119628906,,,,
2015-11-29,371.29400634765625,,,,
2015-11-30,377.3210144042969,41.650001525878906,1065.800048828125,2080.409912109375,16.1299991607666
2015-12-01,362.4880065917969,41.849998474121094,1063.800048828125,2102.6298828125,14.670000076293945
2015-12-02,359.18701171875,39.939998626708984,1054.199951171875,2079.510009765625,15.90999984741211
2015-12-03,361.0459899902344,41.08000183105469,1061.699951171875,2049.6201171875,18.110000610351562
2015-12-04,363.1830139160156,39.970001220703125,1084.5,2091.68994140625,14.8100004196167
2015-12-05,388.9490051269531,,,,
2015-12-06,388.7829895019531,,,,
2015-12-07,395.5360107421875,37.650001525878906,1076.4000244140625,2077.070068359375,15.84000015258789
2015-12-08,415.56298828125,37.5099983215332,1076.300048828125,2063.590087890625,17.600000381469727
2015-12-09,417.56298828125,37.15999984741211,1077.5999755859375,2047.6199951171875,19.610000610351562
2015-12-10,415.47900390625,36.7599983215332,1073.0999755859375,2052.22998046875,19.34000015258789
2015-12-11,451.93798828125,35.619998931884766,1076.9000244140625,2012.3699951171875,24.389999389648438
2015-12-12,434.99700927734375,,,,
2015-12-13,433.7550048828125,,,,
2015-12-14,444.1820068359375,36.310001373291016,1064.699951171875,2021.93994140625,22.729999542236328
2015-12-15,465.3210144042969,37.349998474121094,1062.9000244140625,2043.4100341796875,20.950000762939453
2015-12-16,454.9339904785156,35.52000045776367,1078.0,2073.070068359375,17.860000610351562
2015-12-17,456.0780029296875,34.95000076293945,1050.800048828125,2041.8900146484375,18.940000534057617
2015-12-18,463.6159973144531,34.72999954223633,1066.199951171875,2005.550048828125,20.700000762939453
2015-12-19,462.3219909667969,,,,
2015-12-20,442.68499755859375,,,,
2015-12-21,438.6390075683594,34.7400016784668,1081.9000244140625,2021.1500244140625,18.700000762939453
2015-12-22,436.5719909667969,36.13999938964844,1074.800048828125,2038.969970703125,16.600000381469727
2015-12-23,442.4010009765625,37.5,1069.4000244140625,2064.2900390625,15.569999694824219
2015-12-24,454.9849853515625,38.099998474121094,1077.199951171875,2060.989990234375,15.739999771118164
2015-12-25,455.65301513671875,,,,
2015-12-26,417.27398681640625,,,,
2015-12-27,422.822998046875,,,,
2015-12-28,422.27899169921875,36.810001373291016,1070.5,2056.5,16.90999984741211
2015-12-29,432.9830017089844,37.869998931884766,1077.5,2078.360107421875,16.079999923706055
2015-12-30,426.6199951171875,36.599998474121094,1060.0999755859375,2063.360107421875,17.290000915527344
2015-12-31,430.5669860839844,37.040000915527344,1060.300048828125,2043.93994140625,18.209999084472656
2016-01-01,434.3340148925781,,,,
2016-01-02,433.43798828125,,,,
2016-01-03,430.010986328125,,,,
2016-01-04,433.09100341796875,36.7599983215332,1075.0999755859375,2012.6600341796875,20.700000762939453
2016-01-05,431.9599914550781,35.970001220703125,1078.4000244140625,2016.7099609375,19.34000015258789
2016-01-06,429.1050109863281,33.970001220703125,1091.9000244140625,1990.260009765625,20.59000015258789
2016-01-07,458.0480041503906,33.27000045776367,1107.699951171875,1943.0899658203125,24.989999771118164
2016-01-08,453.2300109863281,33.15999984741211,1097.800048828125,1922.030029296875,27.010000228881836
2016-01-09,447.6109924316406,,,,
2016-01-10,447.9909973144531,,,,
2016-01-11,448.4280090332031,31.40999984741211,1096.5,1923.6700439453125,24.299999237060547
2016-01-12,435.69000244140625,30.440000534057617,1085.5999755859375,1938.6800537109375,22.469999313354492
2016-01-13,432.3710021972656,30.479999542236328,1087.5,1890.280029296875,25.219999313354492
2016-01-14,430.3059997558594,31.200000762939453,1073.9000244140625,1921.8399658203125,23.950000762939453
2016-01-15,364.33099365234375,29.420000076293945,1091.5,1880.3299560546875,27.020000457763672
2016-01-16,387.5360107421875,,,,
2016-01-17,382.29901123046875,,,,
2016-01-18,387.1679992675781,,,,
2016-01-19,380.14898681640625,28.459999084472656,1089.9000244140625,1881.3299560546875,26.049999237060547
2016-01-20,420.2300109863281,26.549999237060547,1107.0999755859375,1859.3299560546875,27.59000015258789
2016-01-21,410.2619934082031,29.530000686645508,1099.0999755859375,1868.989990234375,26.690000534057617
2016-01-22,382.49200439453125,32.189998626708984,1097.199951171875,1906.9000244140625,22.34000015258789
2016-01-23,387.4909973144531,,,,
2016-01-24,402.97100830078125,,,,
2016-01-25,391.72601318359375,30.34000015258789,1106.199951171875,1877.0799560546875,24.149999618530273
2016-01-26,392.15301513671875,31.450000762939453,1121.699951171875,1903.6300048828125,22.5
2016-01-27,394.97198486328125,32.29999923706055,1116.0999755859375,1882.949951171875,23.110000610351562
2016-01-28,380.28900146484375,33.220001220703125,1115.5999755859375,1893.3599853515625,22.420000076293945
2016-01-29,379.4739990234375,33.619998931884766,1116.4000244140625,1940.239990234375,20.200000762939453
2016-01-30,378.2550048828125,,,,
2016-01-31,368.7669982910156,,,,
2016-02-01,373.0559997558594,31.6200008392334,1127.9000244140625,1939.3800048828125,19.979999542236328
2016-02-02,374.447998046875,29.8799991607666,1127.300048828125,1903.030029296875,21.979999542236328
2016-02-03,369.9490051269531,32.279998779296875,1141.300048828125,1912.530029296875,21.649999618530273
2016-02-04,389.593994140625,31.719999313354492,1157.5999755859375,1915.449951171875,21.84000015258789
2016-02-05,386.54901123046875,30.889999389648438,1157.800048828125,1880.050048828125,23.3799991607666
2016-02-06,376.5220031738281,,,,
2016-02-07,376.6199951171875,,,,
2016-02-08,373.4469909667969,29.690000534057617,1197.9000244140625,1853.43994140625,26.0
2016-02-09,376.02899169921875,27.940000534057617,1198.699951171875,1852.2099609375,26.540000915527344
2016-02-10,381.64898681640625,27.450000762939453,1194.699951171875,1851.8599853515625,26.290000915527344
2016-02-11,379.65399169921875,26.209999084472656,1247.9000244140625,1829.0799560546875,28.139999389648438
2016-02-12,384.26300048828125,29.440000534057617,1239.0999755859375,1864.780029296875,25.399999618530273
2016-02-13,391.8599853515625,,,,
2016-02-14,407.2300109863281,,,,
2016-02-15,400.18499755859375,,,,
2016-02-16,407.4880065917969,29.040000915527344,1207.9000244140625,1895.5799560546875,24.110000610351562
2016-02-17,416.3219909667969,30.65999984741211,1211.0999755859375,1926.8199462890625,22.309999465942383
2016-02-18,422.37298583984375,30.770000457763672,1226.0999755859375,1917.8299560546875,21.639999389648438
2016-02-19,420.7850036621094,29.639999389648438,1230.4000244140625,1917.780029296875,20.530000686645508
2016-02-20,437.16400146484375,,,,
2016-02-21,438.7980041503906,,,,
2016-02-22,437.74798583984375,31.479999542236328,1209.5,1945.5,19.3799991607666
2016-02-23,420.7359924316406,31.8700008392334,1222.300048828125,1921.27001953125,20.979999542236328
2016-02-24,424.9549865722656,32.150001525878906,1238.699951171875,1929.800048828125,20.719999313354492
2016-02-25,424.54400634765625,33.06999969482422,1238.199951171875,1951.699951171875,19.110000610351562
2016-02-26,432.1520080566406,32.779998779296875,1219.800048828125,1948.050048828125,19.809999465942383
2016-02-27,432.5190124511719,,,,
2016-02-28,433.5039978027344,,,,
2016-02-29,437.6969909667969,33.75,1233.9000244140625,1932.22998046875,20.549999237060547
2016-03-01,435.12298583984375,34.400001525878906,1230.300048828125,1978.3499755859375,17.700000762939453
2016-03-02,423.989013671875,34.65999984741211,1241.0999755859375,1986.449951171875,17.09000015258789
2016-03-03,421.6510009765625,34.56999969482422,1257.4000244140625,1993.4000244140625,16.700000762939453
2016-03-04,410.9389953613281,35.91999816894531,1269.9000244140625,1999.989990234375,16.860000610351562
2016-03-05,400.57000732421875,,,,
2016-03-06,407.7070007324219,,,,
2016-03-07,414.3210144042969,37.900001525878906,1263.199951171875,2001.760009765625,17.350000381469727
2016-03-08,413.97198486328125,36.5,1262.0999755859375,1979.260009765625,18.670000076293945
2016-03-09,414.8599853515625,38.290000915527344,1256.5999755859375,1989.260009765625,18.34000015258789
2016-03-10,417.1310119628906,37.84000015258789,1272.0,1989.5699462890625,18.049999237060547
2016-03-11,421.69000244140625,38.5,1258.699951171875,2022.18994140625,16.5
2016-03-12,411.6239929199219,,,,
2016-03-13,414.06500244140625,,,,
2016-03-14,416.43798828125,37.18000030517578,1244.4000244140625,2019.6400146484375,16.920000076293945
2016-03-15,416.8299865722656,36.34000015258789,1230.4000244140625,2015.9300537109375,16.84000015258789
2016-03-16,417.010986328125,38.459999084472656,1229.300048828125,2027.219970703125,14.989999771118164
2016-03-17,420.6210021972656,40.20000076293945,1264.5,2040.5899658203125,14.4399995803833
2016-03-18,409.5480041503906,39.439998626708984,1253.800048828125,2049.580078125,14.020000457763672
2016-03-19,410.4440002441406,,,,
2016-03-20,413.7550048828125,,,,
2016-03-21,413.3070068359375,39.90999984741211,1243.800048828125,2051.60009765625,13.789999961853027
2016-03-22,418.0889892578125,41.45000076293945,1248.199951171875,2049.800048828125,14.170000076293945
2016-03-23,418.0409851074219,39.790000915527344,1223.699951171875,2036.7099609375,14.9399995803833
2016-03-24,416.3940124511719,39.459999084472656,1221.4000244140625,2035.93994140625,14.739999771118164
2016-03-25,417.177001953125,,,,
2016-03-26,417.94500732421875,,,,
2016-03-27,426.7650146484375,,,,
2016-03-28,424.2309875488281,39.38999938964844,1219.9000244140625,2037.050048828125,15.239999771118164
2016-03-29,416.5159912109375,38.279998779296875,1235.5999755859375,2055.010009765625,13.819999694824219
2016-03-30,414.8160095214844,38.31999969482422,1226.9000244140625,2063.949951171875,13.5600004196167
2016-03-31,416.72900390625,38.34000015258789,1234.199951171875,2059.739990234375,13.949999809265137
2016-04-01,417.9599914550781,36.790000915527344,1222.199951171875,2072.780029296875,13.100000381469727
2016-04-02,420.87298583984375,,,,
2016-04-03,420.90399169921875,,,,
2016-04-04,421.4440002441406,35.70000076293945,1218.0,2066.1298828125,14.119999885559082
2016-04-05,424.0299987792969,35.88999938964844,1228.4000244140625,2045.1700439453125,15.420000076293945
2016-04-06,423.4129943847656,37.75,1222.5,2066.659912109375,14.09000015258789
2016-04-07,422.7449951171875,37.2599983215332,1236.199951171875,2041.9100341796875,16.15999984741211
2016-04-08,420.3489990234375,39.720001220703125,1242.5,2047.5999755859375,15.359999656677246
2016-04-09,419.4110107421875,,,,
2016-04-10,421.5639953613281,,,,
2016-04-11,422.4830017089844,40.36000061035156,1256.699951171875,2041.989990234375,16.260000228881836
2016-04-12,425.19000244140625,42.16999816894531,1259.4000244140625,2061.719970703125,14.850000381469727
2016-04-13,423.7340087890625,41.7599983215332,1246.800048828125,2082.419921875,13.84000015258789
2016-04-14,424.2820129394531,41.5,1225.0,2082.780029296875,13.720000267028809
2016-04-15,429.7130126953125,40.36000061035156,1233.0999755859375,2080.72998046875,13.619999885559082
2016-04-16,430.5719909667969,,,,
2016-04-17,427.39898681640625,,,,
2016-04-18,428.59100341796875,39.779998779296875,1233.5999755859375,2094.340087890625,13.350000381469727
2016-04-19,435.5090026855469,41.08000183105469,1253.0,2100.800048828125,13.239999771118164
2016-04-20,441.3890075683594,42.630001068115234,1253.199951171875,2102.39990234375,13.279999732971191
2016-04-21,449.42498779296875,43.18000030517578,1249.0,2091.47998046875,13.949999809265137
2016-04-22,445.73699951171875,43.72999954223633,1228.699951171875,2091.580078125,13.220000267028809
2016-04-23,450.2820129394531,,,,
2016-04-24,458.55499267578125,,,,
2016-04-25,461.4259948730469,42.63999938964844,1238.9000244140625,2087.7900390625,14.079999923706055
2016-04-26,466.0889892578125,44.040000915527344,1242.199951171875,2091.699951171875,13.960000038146973
2016-04-27,444.68701171875,45.33000183105469,1249.199951171875,2095.14990234375,13.770000457763672
2016-04-28,449.010986328125,46.029998779296875,1265.5,2075.81005859375,15.220000267028809
2016-04-29,455.09698486328125,45.91999816894531,1289.199951171875,2065.300048828125,15.699999809265137
2016-04-30,448.3179931640625,,,,
2016-05-01,451.875,,,,
2016-05-02,444.66900634765625,44.779998779296875,1294.699951171875,2081.429931640625,14.680000305175781
2016-05-03,450.3039855957031,43.650001525878906,1290.699951171875,2063.3701171875,15.600000381469727
2016-05-04,446.72198486328125,43.779998779296875,1273.300048828125,2051.1201171875,16.049999237060547
2016-05-05,447.97601318359375,44.31999969482422,1271.4000244140625,2050.6298828125,15.90999984741211
2016-05-06,459.6029968261719,44.65999984741211,1292.9000244140625,2057.139892578125,14.720000267028809
2016-05-07,458.5360107421875,,,,
2016-05-08,458.5480041503906,,,,
2016-05-09,460.4830017089844,43.439998626708984,1265.5999755859375,2058.68994140625,14.569999694824219
2016-05-10,450.8949890136719,44.65999984741211,1263.9000244140625,2084.389892578125,13.630000114440918
2016-05-11,452.7279968261719,46.22999954223633,1274.5999755859375,2064.4599609375,14.6899995803833
2016-05-12,454.7659912109375,46.70000076293945,1270.300048828125,2064.110107421875,14.40999984741211
2016-05-13,455.6700134277344,46.209999084472656,1271.9000244140625,2046.6099853515625,15.039999961853027
2016-05-14,455.6709899902344,,,,
2016-05-15,457.5679931640625,,,,
2016-05-16,454.1629943847656,47.720001220703125,1273.4000244140625,2066.659912109375,14.680000305175781
2016-05-17,453.7829895019531,48.310001373291016,1276.199951171875,2047.2099609375,15.569999694824219
2016-05-18,454.6189880371094,48.189998626708984,1273.699951171875,2047.6300048828125,15.949999809265137
2016-05-19,438.7149963378906,48.15999984741211,1254.199951171875,2040.0400390625,16.329999923706055
2016-05-20,442.6759948730469,47.75,1252.4000244140625,2052.320068359375,15.199999809265137
2016-05-21,443.18798828125,,,,
2016-05-22,439.322998046875,,,,
2016-05-23,444.1549987792969,48.08000183105469,1251.0999755859375,2048.0400390625,15.819999694824219
2016-05-24,445.9809875488281,48.619998931884766,1228.9000244140625,2076.06005859375,14.420000076293945
2016-05-25,449.5989990234375,49.560001373291016,1223.5,2090.5400390625,13.899999618530273
2016-05-26,453.3840026855469,49.47999954223633,1220.0999755859375,2090.10009765625,13.430000305175781
2016-05-27,473.4639892578125,49.33000183105469,1213.800048828125,2099.06005859375,13.119999885559082
2016-05-28,530.0399780273438,,,,
2016-05-29,526.2329711914062,,,,
2016-05-30,533.864013671875,,,,
2016-05-31,531.385986328125,49.099998474121094,1214.800048828125,2096.949951171875,14.1899995803833
2016-06-01,536.9199829101562,49.0099983215332,1211.9000244140625,2099.330078125,14.199999809265137
2016-06-02,537.9719848632812,49.16999816894531,1209.800048828125,2105.260009765625,13.630000114440918
2016-06-03,569.1939697265625,48.619998931884766,1240.0999755859375,2099.1298828125,13.470000267028809
2016-06-04,572.7269897460938,,,,
2016-06-05,574.9769897460938,,,,
2016-06-06,585.5369873046875,49.689998626708984,1244.5999755859375,2109.409912109375,13.649999618530273
2016-06-07,576.5969848632812,50.36000061035156,1244.4000244140625,2112.1298828125,14.050000190734863
2016-06-08,581.64501953125,51.22999954223633,1259.800048828125,2119.1201171875,14.079999923706055
2016-06-09,574.6300048828125,50.560001373291016,1270.199951171875,2115.47998046875,14.640000343322754
2016-06-10,577.469970703125,49.06999969482422,1273.4000244140625,2096.070068359375,17.030000686645508
2016-06-11,606.7269897460938,,,,
2016-06-12,672.7839965820312,,,,
2016-06-13,704.3759765625,48.880001068115234,1284.4000244140625,2079.06005859375,20.969999313354492
2016-06-14,685.5590209960938,48.4900016784668,1285.5999755859375,2075.320068359375,20.5
2016-06-15,694.468994140625,48.0099983215332,1285.800048828125,2071.5,20.139999389648438
2016-06-16,766.3079833984375,46.209999084472656,1296.0999755859375,2077.989990234375,19.3700008392334
2016-06-17,748.9089965820312,47.97999954223633,1292.5,2071.219970703125,19.40999984741211
2016-06-18,756.2269897460938,,,,
2016-06-19,763.781005859375,,,,
2016-06-20,737.2260131835938,49.369998931884766,1290.0,2083.25,18.3700008392334
2016-06-21,666.6519775390625,48.849998474121094,1270.5,2088.89990234375,18.479999542236328
2016-06-22,596.1160278320312,49.130001068115234,1268.0,2085.449951171875,21.170000076293945
2016-06-23,623.9769897460938,50.11000061035156,1261.199951171875,2113.320068359375,17.25
2016-06-24,665.2990112304688,47.63999938964844,1320.0,2037.4100341796875,25.760000228881836
2016-06-25,665.1229858398438,,,,
2016-06-26,629.3670043945312,,,,
2016-06-27,655.2750244140625,46.33000183105469,1322.5,2000.5400390625,23.850000381469727
2016-06-28,647.0009765625,47.849998474121094,1315.300048828125,2036.0899658203125,18.75
2016-06-29,639.8900146484375,49.880001068115234,1323.9000244140625,2070.77001953125,16.639999389648438
2016-06-30,673.3369750976562,48.33000183105469,1318.4000244140625,2098.860107421875,15.630000114440918
2016-07-01,676.2960205078125,48.9900016784668,1336.699951171875,2102.949951171875,14.770000457763672
2016-07-02,703.7020263671875,,,,
2016-07-03,658.6640014648438,,,,
2016-07-04,683.6619873046875,,,,
2016-07-05,670.6270141601562,46.599998474121094,1356.4000244140625,2088.550048828125,15.579999923706055
2016-07-06,677.3309936523438,47.43000030517578,1364.9000244140625,2099.72998046875,14.960000038146973
2016-07-07,640.56201171875,45.13999938964844,1360.0999755859375,2097.89990234375,14.760000228881836
2016-07-08,666.5230102539062,45.40999984741211,1356.5999755859375,2129.89990234375,13.199999809265137
2016-07-09,650.9600219726562,,,,
2016-07-10,649.3599853515625,,,,
2016-07-11,647.6589965820312,44.7599983215332,1355.0,2137.159912109375,13.539999961853027
2016-07-12,664.551025390625,46.79999923706055,1334.0999755859375,2152.139892578125,13.550000190734863
2016-07-13,654.468017578125,44.75,1342.4000244140625,2152.429931640625,13.039999961853027
2016-07-14,658.0780029296875,45.68000030517578,1331.300048828125,2163.75,12.819999694824219
2016-07-15,663.2550048828125,45.95000076293945,1326.5,2161.739990234375,12.670000076293945
2016-07-16,660.7670288085938,,,,
2016-07-17,679.458984375,,,,
2016-07-18,673.1060180664062,45.2400016784668,1328.4000244140625,2166.889892578125,12.4399995803833
2016-07-19,672.864013671875,44.650001525878906,1331.5,2163.780029296875,11.970000267028809
2016-07-20,665.6849975585938,44.939998626708984,1318.800048828125,2173.02001953125,11.770000457763672
2016-07-21,665.0120239257812,44.75,1330.5,2165.169921875,12.739999771118164
2016-07-22,650.6190185546875,44.189998626708984,1323.0999755859375,2175.030029296875,12.020000457763672
2016-07-23,655.5560302734375,,,,
2016-07-24,661.2849731445312,,,,
2016-07-25,654.0969848632812,43.130001068115234,1319.300048828125,2168.47998046875,12.869999885559082
2016-07-26,651.7839965820312,42.91999816894531,1320.699951171875,2169.179931640625,13.050000190734863
2016-07-27,654.3519897460938,41.91999816894531,1326.5999755859375,2166.580078125,12.829999923706055
2016-07-28,655.0349731445312,41.13999938964844,1332.300048828125,2170.06005859375,12.720000267028809
2016-07-29,656.9920043945312,41.599998474121094,1349.0,2173.60009765625,11.869999885559082
2016-07-30,655.0469970703125,,,,
2016-07-31,624.6810302734375,,,,
2016-08-01,606.27197265625,40.060001373291016,1351.4000244140625,2170.840087890625,12.4399995803833
2016-08-02,547.4650268554688,39.5099983215332,1364.4000244140625,2157.030029296875,13.369999885559082
2016-08-03,566.35498046875,40.83000183105469,1356.0999755859375,2163.7900390625,12.859999656677246
2016-08-04,578.2890014648438,41.93000030517578,1358.800048828125,2164.25,12.420000076293945
2016-08-05,575.0430297851562,41.79999923706055,1336.4000244140625,2182.8701171875,11.390000343322754
2016-08-06,587.7780151367188,,,,
2016-08-07,592.6900024414062,,,,
2016-08-08,591.0540161132812,43.02000045776367,1333.4000244140625,2180.889892578125,11.5
2016-08-09,587.801025390625,42.77000045776367,1339.0,2181.739990234375,11.65999984741211
2016-08-10,592.10302734375,41.709999084472656,1344.300048828125,2175.489990234375,12.050000190734863
2016-08-11,589.1199951171875,43.4900016784668,1342.5,2185.7900390625,11.680000305175781
2016-08-12,587.5590209960938,44.4900016784668,1335.800048828125,2184.050048828125,11.550000190734863
2016-08-13,585.5880126953125,,,,
2016-08-14,570.4730224609375,,,,
2016-08-15,567.239990234375,45.7400016784668,1340.300048828125,2190.14990234375,11.8100004196167
2016-08-16,577.4390258789062,46.58000183105469,1350.5,2178.14990234375,12.640000343322754
2016-08-17,573.2160034179688,46.790000915527344,1342.699951171875,2182.219970703125,12.1899995803833
2016-08-18,574.3179931640625,48.220001220703125,1351.199951171875,2187.02001953125,11.430000305175781
2016-08-19,575.6300048828125,48.52000045776367,1340.4000244140625,2183.8701171875,11.34000015258789
2016-08-20,581.697021484375,,,,
2016-08-21,581.3079833984375,,,,
2016-08-22,586.7529907226562,47.04999923706055,1337.699951171875,2182.639892578125,12.270000457763672
2016-08-23,583.4149780273438,48.099998474121094,1340.5999755859375,2186.89990234375,12.380000114440918
2016-08-24,580.1820068359375,46.77000045776367,1324.4000244140625,2175.43994140625,13.449999809265137
2016-08-25,577.760986328125,47.33000183105469,1320.0999755859375,2172.469970703125,13.630000114440918
2016-08-26,579.6510009765625,47.63999938964844,1321.5,2169.0400390625,13.649999618530273
2016-08-27,569.947021484375,,,,
2016-08-28,573.9119873046875,,,,
2016-08-29,574.1069946289062,46.97999954223633,1322.9000244140625,2180.3798828125,12.9399995803833
2016-08-30,577.5029907226562,46.349998474121094,1311.699951171875,2176.1201171875,13.119999885559082
2016-08-31,575.4719848632812,44.70000076293945,1306.9000244140625,2170.949951171875,13.420000076293945
2016-09-01,572.302978515625,43.15999984741211,1312.199951171875,2170.860107421875,13.479999542236328
2016-09-02,575.5369873046875,44.439998626708984,1322.0999755859375,2179.97998046875,11.979999542236328
2016-09-03,598.2119750976562,,,,
2016-09-04,608.6339721679688,,,,
2016-09-05,606.5900268554688,,,,
2016-09-06,610.4359741210938,44.83000183105469,1349.4000244140625,2186.47998046875,12.020000457763672
2016-09-07,614.5440063476562,45.5,1344.300048828125,2186.159912109375,11.9399995803833
2016-09-08,626.3159790039062,47.619998931884766,1336.800048828125,2181.300048828125,12.510000228881836
2016-09-09,622.8610229492188,45.880001068115234,1330.0999755859375,2127.81005859375,17.5
2016-09-10,623.5089721679688,,,,
2016-09-11,606.718994140625,,,,
2016-09-12,608.2429809570312,46.290000915527344,1321.0,2159.0400390625,15.15999984741211
2016-09-13,609.2410278320312,44.900001525878906,1319.0,2127.02001953125,17.850000381469727
2016-09-14,610.6840209960938,43.58000183105469,1321.5,2125.77001953125,18.139999389648438
2016-09-15,607.155029296875,43.90999984741211,1313.5,2147.260009765625,16.299999237060547
2016-09-16,606.9730224609375,43.029998779296875,1305.800048828125,2139.159912109375,15.369999885559082
2016-09-17,605.9840087890625,,,,
2016-09-18,609.8740234375,,,,
2016-09-19,609.2269897460938,43.29999923706055,1313.5,2139.1201171875,15.529999732971191
2016-09-20,608.31201171875,43.439998626708984,1313.699951171875,2139.760009765625,15.920000076293945
2016-09-21,597.1489868164062,45.34000015258789,1326.9000244140625,2163.1201171875,13.300000190734863
2016-09-22,596.2979736328125,46.31999969482422,1340.4000244140625,2177.179931640625,12.020000457763672
2016-09-23,602.8419799804688,44.47999954223633,1337.199951171875,2164.68994140625,12.289999961853027
2016-09-24,602.625,,,,
2016-09-25,600.8259887695312,,,,
2016-09-26,608.0430297851562,45.93000030517578,1339.699951171875,2146.10009765625,14.5
2016-09-27,606.166015625,44.66999816894531,1325.9000244140625,2159.929931640625,13.100000381469727
2016-09-28,604.72802734375,47.04999923706055,1319.4000244140625,2171.3701171875,12.390000343322754
2016-09-29,605.6929931640625,47.83000183105469,1321.699951171875,2151.1298828125,14.020000457763672
2016-09-30,609.7349853515625,48.2400016784668,1313.300048828125,2168.27001953125,13.289999961853027
2016-10-01,613.9829711914062,,,,
2016-10-02,610.8920288085938,,,,
2016-10-03,612.1329956054688,48.810001373291016,1309.0,2161.199951171875,13.569999694824219
2016-10-04,610.2039794921875,48.689998626708984,1266.300048828125,2150.489990234375,13.630000114440918
2016-10-05,612.510986328125,49.83000183105469,1265.199951171875,2159.72998046875,12.989999771118164
2016-10-06,613.02099609375,50.439998626708984,1249.800048828125,2160.77001953125,12.84000015258789
2016-10-07,617.1209716796875,49.810001373291016,1248.9000244140625,2153.739990234375,13.479999542236328
2016-10-08,619.1079711914062,,,,
2016-10-09,616.7520141601562,,,,
2016-10-10,618.9940185546875,,,2163.659912109375,13.380000114440918
2016-10-11,641.072021484375,50.790000915527344,1253.0,2136.72998046875,15.359999656677246
2016-10-12,636.1920166015625,50.18000030517578,1251.0999755859375,2139.179931640625,15.90999984741211
2016-10-13,636.7860107421875,50.439998626708984,1255.0,2132.550048828125,16.690000534057617
2016-10-14,640.3779907226562,50.349998474121094,1253.0999755859375,2132.97998046875,16.1200008392334
2016-10-15,638.64599609375,,,,
2016-10-16,641.6309814453125,,,,
2016-10-17,639.1929931640625,49.939998626708984,1254.4000244140625,2126.5,16.209999084472656
2016-10-18,637.9600219726562,50.290000915527344,1260.800048828125,2139.60009765625,15.279999732971191
2016-10-19,630.52001953125,51.599998474121094,1267.9000244140625,2144.2900390625,14.40999984741211
2016-10-20,630.8569946289062,50.43000030517578,1265.5999755859375,2141.340087890625,13.75
2016-10-21,632.8280029296875,50.849998474121094,1265.9000244140625,2141.159912109375,13.34000015258789
2016-10-22,657.2940063476562,,,,
2016-10-23,657.0709838867188,,,,
2016-10-24,653.760986328125,50.52000045776367,1262.0,2151.330078125,13.020000457763672
2016-10-25,657.5880126953125,49.959999084472656,1271.9000244140625,2143.159912109375,13.460000038146973
2016-10-26,678.3040161132812,49.18000030517578,1264.800048828125,2139.429931640625,14.239999771118164
2016-10-27,688.31298828125,49.720001220703125,1267.9000244140625,2133.0400390625,15.359999656677246
2016-10-28,689.6510009765625,48.70000076293945,1275.5,2126.409912109375,16.190000534057617
2016-10-29,714.47900390625,,,,
2016-10-30,701.864013671875,,,,
2016-10-31,700.9719848632812,46.86000061035156,1271.5,2126.14990234375,17.059999465942383
2016-11-01,729.7930297851562,46.66999816894531,1286.4000244140625,2111.719970703125,18.559999465942383
2016-11-02,740.8289794921875,45.34000015258789,1306.800048828125,2097.93994140625,19.31999969482422
2016-11-03,688.7000122070312,44.65999984741211,1302.0999755859375,2088.659912109375,22.079999923706055
2016-11-04,703.2349853515625,44.06999969482422,1303.300048828125,2085.179931640625,22.510000228881836
2016-11-05,703.4180297851562,,,,
2016-11-06,711.52197265625,,,,
2016-11-07,703.1309814453125,44.88999938964844,1278.300048828125,2131.52001953125,18.709999084472656
2016-11-08,709.8480224609375,44.97999954223633,1273.4000244140625,2139.56005859375,18.739999771118164
2016-11-09,723.2730102539062,45.27000045776367,1272.5999755859375,2163.260009765625,14.380000114440918
2016-11-10,715.5339965820312,44.65999984741211,1265.5,2167.47998046875,14.739999771118164
2016-11-11,716.4110107421875,,,2164.449951171875,14.170000076293945
2016-11-12,705.0540161132812,,,,
2016-11-13,702.031005859375,,,,
2016-11-14,705.02099609375,43.31999969482422,1221.199951171875,2164.199951171875,14.479999542236328
2016-11-15,711.6190185546875,45.810001373291016,1224.0,2180.389892578125,13.369999885559082
2016-11-16,744.197998046875,45.56999969482422,1223.4000244140625,2176.93994140625,13.720000267028809
2016-11-17,740.9769897460938,45.41999816894531,1216.5,2187.1201171875,13.350000381469727
2016-11-18,751.5850219726562,45.689998626708984,1208.5,2181.89990234375,12.850000381469727
2016-11-19,751.6160278320312,,,,
2016-11-20,731.0260009765625,,,,
2016-11-21,739.2479858398438,47.4900016784668,1209.5999755859375,2198.179931640625,12.420000076293945
2016-11-22,751.3469848632812,48.029998779296875,1211.0,2202.93994140625,12.40999984741211
2016-11-23,744.593994140625,47.959999084472656,1189.0999755859375,2204.719970703125,12.430000305175781
2016-11-24,740.2890014648438,,,,
2016-11-25,741.6489868164062,46.060001373291016,1178.199951171875,2213.35009765625,12.34000015258789
2016-11-26,735.3820190429688,,,,
2016-11-27,732.0349731445312,,,,
2016-11-28,735.81298828125,47.08000183105469,1190.5999755859375,2201.719970703125,13.149999618530273
2016-11-29,735.60400390625,45.22999954223633,1187.9000244140625,2204.659912109375,12.899999618530273
2016-11-30,745.6909790039062,49.439998626708984,1170.800048828125,2198.81005859375,13.329999923706055
2016-12-01,756.7739868164062,51.060001373291016,1166.9000244140625,2191.080078125,14.069999694824219
2016-12-02,777.9439697265625,51.68000030517578,1175.0999755859375,2191.949951171875,14.119999885559082
2016-12-03,771.155029296875,,,,
2016-12-04,773.8720092773438,,,,
2016-12-05,758.7000122070312,51.790000915527344,1174.0,2204.7099609375,12.140000343322754
2016-12-06,764.2239990234375,50.93000030517578,1167.5999755859375,2212.22998046875,11.789999961853027
2016-12-07,768.1320190429688,49.77000045776367,1175.0,2241.35009765625,12.220000267028809
2016-12-08,770.8099975585938,50.84000015258789,1169.800048828125,2246.18994140625,12.640000343322754
2016-12-09,772.7940063476562,51.5,1159.4000244140625,2259.530029296875,11.75
2016-12-10,774.6500244140625,,,,
2016-12-11,769.7310180664062,,,,
2016-12-12,780.0869750976562,52.83000183105469,1163.5,2256.9599609375,12.640000343322754
2016-12-13,780.5560302734375,52.97999954223633,1156.699951171875,2271.719970703125,12.720000267028809
2016-12-14,781.4810180664062,51.040000915527344,1161.300048828125,2253.280029296875,13.1899995803833
2016-12-15,778.0880126953125,50.900001525878906,1127.800048828125,2262.030029296875,12.789999961853027
2016-12-16,784.906982421875,51.900001525878906,1135.300048828125,2258.070068359375,12.199999809265137
2016-12-17,790.8289794921875,,,,
2016-12-18,790.530029296875,,,,
2016-12-19,792.7139892578125,52.119998931884766,1140.5,2262.530029296875,11.710000038146973
2016-12-20,800.8759765625,52.22999954223633,1131.5,2270.760009765625,11.449999809265137
2016-12-21,834.281005859375,52.4900016784668,1131.0999755859375,2265.179931640625,11.270000457763672
2016-12-22,864.5399780273438,52.95000076293945,1128.800048828125,2260.9599609375,11.430000305175781
2016-12-23,921.9840087890625,53.02000045776367,1131.9000244140625,2263.7900390625,11.4399995803833
2016-12-24,898.822021484375,,,,
2016-12-25,896.1829833984375,,,,
2016-12-26,907.6099853515625,,,,
2016-12-27,933.197998046875,53.900001525878906,1137.300048828125,2268.8798828125,11.989999771118164
2016-12-28,975.9210205078125,54.060001373291016,1139.4000244140625,2249.919921875,12.949999809265137
2016-12-29,973.4970092773438,53.77000045776367,1156.4000244140625,2249.260009765625,13.369999885559082
2016-12-30,961.2379760742188,53.720001220703125,1150.0,2238.830078125,14.039999961853027
2016-12-31,963.7429809570312,,,,
2017-01-01,998.3250122070312,,,,
2017-01-02,1021.75,,,,
2017-01-03,1043.8399658203125,52.33000183105469,1160.4000244140625,2257.830078125,12.850000381469727
2017-01-04,1154.72998046875,53.2599983215332,1163.800048828125,2270.75,11.850000381469727
2017-01-05,1013.3800048828125,53.7599983215332,1179.699951171875,2269.0,11.670000076293945
2017-01-06,902.2009887695312,53.9900016784668,1171.9000244140625,2276.97998046875,11.319999694824219
2017-01-07,908.5850219726562,,,,
2017-01-08,911.198974609375,,,,
2017-01-09,902.8280029296875,51.959999084472656,1183.5,2268.89990234375,11.5600004196167
2017-01-10,907.6790161132812,50.81999969482422,1184.199951171875,2268.89990234375,11.489999771118164
2017-01-11,777.7570190429688,52.25,1195.5999755859375,2275.320068359375,11.260000228881836
2017-01-12,804.833984375,53.0099983215332,1198.9000244140625,2270.43994140625,11.539999961853027
2017-01-13,823.9840087890625,52.369998931884766,1195.300048828125,2274.639892578125,11.229999542236328
2017-01-14,818.4119873046875,,,,
2017-01-15,821.7979736328125,,,,
2017-01-16,831.5339965820312,,,,
2017-01-17,907.93798828125,52.47999954223633,1212.0,2267.889892578125,11.869999885559082
2017-01-18,886.6179809570312,51.08000183105469,1211.300048828125,2271.889892578125,12.479999542236328
2017-01-19,899.072998046875,51.369998931884766,1200.9000244140625,2263.68994140625,12.779999732971191
2017-01-20,895.0260009765625,52.41999816894531,1204.300048828125,2271.31005859375,11.539999961853027
2017-01-21,921.7890014648438,,,,
2017-01-22,924.6729736328125,,,,
2017-01-23,921.0120239257812,52.75,1215.0,2265.199951171875,11.770000457763672
2017-01-24,892.68701171875,53.18000030517578,1210.300048828125,2280.070068359375,11.069999694824219
2017-01-25,901.5419921875,52.75,1197.300048828125,2298.3701171875,10.8100004196167
2017-01-26,917.5859985351562,53.779998779296875,1189.5,2296.679931640625,10.630000114440918
2017-01-27,919.75,53.16999816894531,1188.0999755859375,2294.68994140625,10.579999923706055
2017-01-28,921.5900268554688,,,,
2017-01-29,919.4959716796875,,,,
2017-01-30,920.3820190429688,52.630001068115234,1193.199951171875,2280.89990234375,11.880000114440918
2017-01-31,970.4030151367188,52.810001373291016,1208.5999755859375,2278.8701171875,11.989999771118164
2017-02-01,989.0230102539062,53.880001068115234,1205.5999755859375,2279.550048828125,11.8100004196167
2017-02-02,1011.7999877929688,53.540000915527344,1216.699951171875,2280.85009765625,11.930000305175781
2017-02-03,1029.9100341796875,53.83000183105469,1218.5,2297.419921875,10.970000267028809
2017-02-04,1042.9000244140625,,,,
2017-02-05,1027.3399658203125,,,,
2017-02-06,1038.1500244140625,53.0099983215332,1230.0,2292.56005859375,11.369999885559082
2017-02-07,1061.3499755859375,52.16999816894531,1234.199951171875,2293.080078125,11.289999961853027
2017-02-08,1063.0699462890625,52.34000015258789,1237.5999755859375,2294.669921875,11.449999809265137
2017-02-09,994.3829956054688,53.0,1235.0999755859375,2307.8701171875,10.880000114440918
2017-02-10,988.6740112304688,53.86000061035156,1234.4000244140625,2316.10009765625,10.850000381469727
2017-02-11,1004.4500122070312,,,,
2017-02-12,999.1810302734375,,,,
2017-02-13,990.6420288085938,52.93000030517578,1224.4000244140625,2328.25,11.069999694824219
2017-02-14,1004.5499877929688,53.20000076293945,1223.9000244140625,2337.580078125,10.739999771118164
2017-02-15,1007.47998046875,53.11000061035156,1231.699951171875,2349.25,11.970000267028809
2017-02-16,1027.43994140625,53.36000061035156,1240.0,2347.219970703125,11.760000228881836
2017-02-17,1046.2099609375,53.400001525878906,1237.5999755859375,2351.159912109375,11.489999771118164
2017-02-18,1054.4200439453125,,,,
2017-02-19,1047.8699951171875,,,,
2017-02-20,1079.97998046875,,,,
2017-02-21,1115.300048828125,54.060001373291016,1237.5,2365.3798828125,11.569999694824219
2017-02-22,1117.43994140625,53.59000015258789,1232.0,2362.820068359375,11.739999771118164
2017-02-23,1166.719970703125,54.45000076293945,1250.199951171875,2363.81005859375,11.710000038146973
2017-02-24,1173.6800537109375,53.9900016784668,1256.9000244140625,2367.340087890625,11.470000267028809
2017-02-25,1143.8399658203125,,,,
2017-02-26,1165.199951171875,,,,
2017-02-27,1179.969970703125,54.04999923706055,1257.4000244140625,2369.75,12.09000015258789
2017-02-28,1179.969970703125,54.0099983215332,1252.5999755859375,2363.639892578125,12.920000076293945
2017-03-01,1222.5,53.83000183105469,1248.9000244140625,2395.9599609375,12.539999961853027
2017-03-02,1251.010009765625,52.61000061035156,1231.9000244140625,2381.919921875,11.8100004196167
2017-03-03,1274.989990234375,53.33000183105469,1225.5,2383.1201171875,10.960000038146973
2017-03-04,1255.1500244140625,,,,
2017-03-05,1267.1199951171875,,,,
2017-03-06,1272.8299560546875,53.20000076293945,1224.5,2375.31005859375,11.239999771118164
2017-03-07,1223.5400390625,53.13999938964844,1215.0999755859375,2368.389892578125,11.449999809265137
2017-03-08,1150.0,50.279998779296875,1208.5,2362.97998046875,11.859999656677246
2017-03-09,1188.489990234375,49.279998779296875,1202.4000244140625,2364.8701171875,12.300000190734863
2017-03-10,1116.719970703125,48.4900016784668,1200.699951171875,2372.60009765625,11.65999984741211
2017-03-11,1175.8299560546875,,,,
2017-03-12,1221.3800048828125,,,,
2017-03-13,1231.9200439453125,48.400001525878906,1202.4000244140625,2373.469970703125,11.350000381469727
2017-03-14,1240.0,47.720001220703125,1201.9000244140625,2365.449951171875,12.300000190734863
2017-03-15,1249.6099853515625,48.86000061035156,1200.0999755859375,2385.260009765625,11.630000114440918
2017-03-16,1187.81005859375,48.75,1226.5,2381.3798828125,11.210000038146973
2017-03-17,1100.22998046875,48.779998779296875,1229.800048828125,2378.25,11.279999732971191
2017-03-18,973.8179931640625,,,,
2017-03-19,1036.739990234375,,,,
2017-03-20,1054.22998046875,48.220001220703125,1233.5999755859375,2373.469970703125,11.34000015258789
2017-03-21,1120.5400390625,47.34000015258789,1246.0999755859375,2344.02001953125,12.470000267028809
2017-03-22,1049.1400146484375,48.040000915527344,1249.300048828125,2348.449951171875,12.8100004196167
2017-03-23,1038.5899658203125,47.70000076293945,1246.9000244140625,2345.9599609375,13.119999885559082
2017-03-24,937.52001953125,47.970001220703125,1248.199951171875,2343.97998046875,12.960000038146973
2017-03-25,972.7789916992188,,,,
2017-03-26,966.7249755859375,,,,
2017-03-27,1045.77001953125,47.72999954223633,1255.4000244140625,2341.590087890625,12.5
2017-03-28,1047.1500244140625,48.369998931884766,1255.300048828125,2358.570068359375,11.529999732971191
2017-03-29,1039.969970703125,49.5099983215332,1253.4000244140625,2361.1298828125,11.420000076293945
2017-03-30,1026.4300537109375,50.349998474121094,1245.0,2368.06005859375,11.539999961853027
2017-03-31,1071.7900390625,50.599998474121094,1247.300048828125,2362.719970703125,12.369999885559082
2017-04-01,1080.5,,,,
2017-04-02,1102.1700439453125,,,,
2017-04-03,1143.81005859375,50.2400016784668,1250.800048828125,2358.840087890625,12.380000114440918
2017-04-04,1133.25,51.029998779296875,1255.0,2360.159912109375,11.789999961853027
2017-04-05,1124.780029296875,51.150001525878906,1245.4000244140625,2352.949951171875,12.890000343322754
2017-04-06,1182.6800537109375,51.70000076293945,1250.300048828125,2357.489990234375,12.390000343322754
2017-04-07,1176.9000244140625,52.2400016784668,1254.300048828125,2355.5400390625,12.869999885559082
2017-04-08,1175.949951171875,,,,
2017-04-09,1187.8699951171875,,,,
2017-04-10,1187.1300048828125,53.08000183105469,1251.0999755859375,2357.159912109375,14.050000190734863
2017-04-11,1205.010009765625,53.400001525878906,1271.199951171875,2353.780029296875,15.069999694824219
2017-04-12,1200.3699951171875,53.11000061035156,1275.300048828125,2344.929931640625,15.770000457763672
2017-04-13,1169.280029296875,53.18000030517578,1285.9000244140625,2328.949951171875,15.960000038146973
2017-04-14,1167.5400390625,,,,
2017-04-15,1172.52001953125,,,,
2017-04-16,1182.93994140625,,,,
2017-04-17,1193.9100341796875,52.650001525878906,1289.4000244140625,2349.010009765625,14.65999984741211
2017-04-18,1211.6700439453125,52.40999984741211,1291.699951171875,2342.18994140625,14.420000076293945
2017-04-19,1210.2900390625,50.439998626708984,1281.4000244140625,2338.169921875,14.930000305175781
2017-04-20,1229.0799560546875,50.27000045776367,1281.9000244140625,2355.840087890625,14.149999618530273
2017-04-21,1222.050048828125,49.619998931884766,1287.4000244140625,2348.68994140625,14.630000114440918
2017-04-22,1231.7099609375,,,,
2017-04-23,1207.2099609375,,,,
2017-04-24,1250.1500244140625,49.22999954223633,1275.800048828125,2374.14990234375,10.84000015258789
2017-04-25,1265.489990234375,49.560001373291016,1265.5999755859375,2388.610107421875,10.760000228881836
2017-04-26,1281.0799560546875,49.619998931884766,1262.0999755859375,2387.449951171875,10.850000381469727
2017-04-27,1317.72998046875,48.970001220703125,1263.699951171875,2388.77001953125,10.359999656677246
2017-04-28,1316.47998046875,49.33000183105469,1266.0999755859375,2384.199951171875,10.819999694824219
2017-04-29,1321.7900390625,,,,
2017-04-30,1347.8900146484375,,,,
2017-05-01,1421.5999755859375,48.84000015258789,1253.300048828125,2388.330078125,10.109999656677246
2017-05-02,1452.8199462890625,47.65999984741211,1255.0999755859375,2391.169921875,10.59000015258789
2017-05-03,1490.0899658203125,47.81999969482422,1246.4000244140625,2388.1298828125,10.680000305175781
2017-05-04,1537.6700439453125,45.52000045776367,1226.5,2389.52001953125,10.460000038146973
2017-05-05,1555.449951171875,46.220001220703125,1224.800048828125,2399.2900390625,10.569999694824219
2017-05-06,1578.800048828125,,,,
2017-05-07,1596.7099609375,,,,
2017-05-08,1723.3499755859375,46.43000030517578,1225.300048828125,2399.3798828125,9.770000457763672
2017-05-09,1755.3599853515625,45.880001068115234,1214.300048828125,2396.919921875,9.960000038146973
2017-05-10,1787.1300048828125,47.33000183105469,1217.300048828125,2399.6298828125,10.210000038146973
2017-05-11,1848.5699462890625,47.83000183105469,1222.699951171875,2394.43994140625,10.600000381469727
2017-05-12,1724.239990234375,47.84000015258789,1226.199951171875,2390.89990234375,10.399999618530273
2017-05-13,1804.9100341796875,,,,
2017-05-14,1808.9100341796875,,,,
2017-05-15,1738.4300537109375,48.849998474121094,1228.5999755859375,2402.320068359375,10.420000076293945
2017-05-16,1734.449951171875,48.65999984741211,1235.0,2400.669921875,10.649999618530273
2017-05-17,1839.0899658203125,49.06999969482422,1257.5,2357.030029296875,15.59000015258789
2017-05-18,1888.6500244140625,49.349998474121094,1251.699951171875,2365.719970703125,14.65999984741211
2017-05-19,1987.7099609375,50.33000183105469,1252.699951171875,2381.72998046875,12.039999961853027
2017-05-20,2084.72998046875,,,,
2017-05-21,2041.199951171875,,,,
2017-05-22,2173.39990234375,50.72999954223633,1260.699951171875,2394.02001953125,10.930000305175781
2017-05-23,2320.419921875,51.470001220703125,1254.800048828125,2398.419921875,10.720000267028809
2017-05-24,2443.639892578125,51.36000061035156,1252.4000244140625,2404.389892578125,10.020000457763672
2017-05-25,2304.97998046875,48.900001525878906,1255.800048828125,2415.070068359375,9.989999771118164
2017-05-26,2202.419921875,49.79999923706055,1267.5999755859375,2415.820068359375,9.8100004196167
2017-05-27,2038.8699951171875,,,,
2017-05-28,2155.800048828125,,,,
2017-05-29,2255.610107421875,,,,
2017-05-30,2175.469970703125,49.65999984741211,1262.0999755859375,2412.909912109375,10.380000114440918
2017-05-31,2286.409912109375,48.31999969482422,1272.0,2411.800048828125,10.40999984741211
2017-06-01,2407.8798828125,48.36000061035156,1267.0,2430.06005859375,9.890000343322754
2017-06-02,2488.550048828125,47.65999984741211,1276.800048828125,2439.070068359375,9.75
2017-06-03,2515.35009765625,,,,
2017-06-04,2511.81005859375,,,,
2017-06-05,2686.81005859375,47.400001525878906,1279.300048828125,2436.10009765625,10.069999694824219
2017-06-06,2863.199951171875,48.189998626708984,1294.4000244140625,2429.330078125,10.449999809265137
2017-06-07,2732.159912109375,45.720001220703125,1290.0999755859375,2433.139892578125,10.390000343322754
2017-06-08,2805.6201171875,45.63999938964844,1276.300048828125,2433.7900390625,10.15999984741211
2017-06-09,2823.81005859375,45.83000183105469,1268.5,2431.77001953125,10.699999809265137
2017-06-10,2947.7099609375,,,,
2017-06-11,2958.110107421875,,,,
2017-06-12,2659.6298828125,46.08000183105469,1266.0999755859375,2429.389892578125,11.460000038146973
2017-06-13,2717.02001953125,46.459999084472656,1265.800048828125,2440.35009765625,10.420000076293945
2017-06-14,2506.3701171875,44.72999954223633,1272.800048828125,2437.919921875,10.640000343322754
2017-06-15,2464.580078125,44.459999084472656,1252.199951171875,2432.4599609375,10.899999618530273
2017-06-16,2518.56005859375,44.7400016784668,1254.0,2433.14990234375,10.380000114440918
2017-06-17,2655.8798828125,,,,
2017-06-18,2548.2900390625,,,,
2017-06-19,2589.60009765625,44.20000076293945,1244.199951171875,2453.4599609375,10.369999885559082
2017-06-20,2721.7900390625,43.22999954223633,1241.0,2437.030029296875,10.859999656677246
2017-06-21,2689.10009765625,42.529998779296875,1243.4000244140625,2435.610107421875,10.75
2017-06-22,2705.409912109375,42.7400016784668,1247.5999755859375,2434.5,10.479999542236328
2017-06-23,2744.909912109375,43.0099983215332,1256.199951171875,2438.300048828125,10.020000457763672
2017-06-24,2608.719970703125,,,,
2017-06-25,2589.409912109375,,,,
2017-06-26,2478.449951171875,43.380001068115234,1246.300048828125,2439.070068359375,9.899999618530273
2017-06-27,2552.449951171875,44.2400016784668,1246.4000244140625,2419.3798828125,11.0600004196167
2017-06-28,2574.7900390625,44.7400016784668,1248.0,2440.68994140625,10.029999732971191
2017-06-29,2539.320068359375,44.93000030517578,1244.199951171875,2419.699951171875,11.4399995803833
2017-06-30,2480.840087890625,46.040000915527344,1240.699951171875,2423.409912109375,11.180000305175781
2017-07-01,2434.550048828125,,,,
2017-07-02,2506.469970703125,,,,
2017-07-03,2564.06005859375,47.06999969482422,1217.9000244140625,2429.010009765625,11.220000267028809
2017-07-04,2601.639892578125,,,,
2017-07-05,2601.989990234375,45.130001068115234,1220.4000244140625,2432.5400390625,11.069999694824219
2017-07-06,2608.56005859375,45.52000045776367,1222.199951171875,2409.75,12.539999961853027
2017-07-07,2518.659912109375,44.22999954223633,1208.5999755859375,2425.179931640625,11.1899995803833
2017-07-08,2571.340087890625,,,,
2017-07-09,2518.43994140625,,,,
2017-07-10,2372.56005859375,44.400001525878906,1212.0999755859375,2427.429931640625,11.109999656677246
2017-07-11,2337.7900390625,45.040000915527344,1213.5999755859375,2425.530029296875,10.890000343322754
2017-07-12,2398.840087890625,45.4900016784668,1218.0999755859375,2443.25,10.300000190734863
2017-07-13,2357.89990234375,46.08000183105469,1216.300048828125,2447.830078125,9.899999618530273
2017-07-14,2233.340087890625,46.540000915527344,1226.5999755859375,2459.27001953125,9.510000228881836
2017-07-15,1998.8599853515625,,,,
2017-07-16,1929.8199462890625,,,,
2017-07-17,2228.409912109375,46.02000045776367,1232.800048828125,2459.139892578125,9.819999694824219
2017-07-18,2318.8798828125,46.400001525878906,1241.0999755859375,2460.610107421875,9.890000343322754
2017-07-19,2273.429931640625,47.119998931884766,1241.199951171875,2473.830078125,9.789999961853027
2017-07-20,2817.60009765625,46.790000915527344,1244.800048828125,2473.449951171875,9.579999923706055
2017-07-21,2667.760009765625,45.77000045776367,1254.300048828125,2472.5400390625,9.359999656677246
2017-07-22,2810.1201171875,,,,
2017-07-23,2730.39990234375,,,,
2017-07-24,2754.860107421875,46.34000015258789,1253.9000244140625,2469.909912109375,9.430000305175781
2017-07-25,2576.47998046875,47.88999938964844,1251.699951171875,2477.1298828125,9.430000305175781
2017-07-26,2529.449951171875,48.75,1249.0,2477.830078125,9.600000381469727
2017-07-27,2671.780029296875,49.040000915527344,1259.5999755859375,2475.419921875,10.109999656677246
2017-07-28,2809.010009765625,49.709999084472656,1268.4000244140625,2472.10009765625,10.289999961853027
2017-07-29,2726.449951171875,,,,
2017-07-30,2757.179931640625,,,,
2017-07-31,2875.340087890625,50.16999816894531,1266.5999755859375,2470.300048828125,10.260000228881836
2017-08-01,2718.260009765625,49.15999984741211,1272.5999755859375,2476.35009765625,10.09000015258789
2017-08-02,2710.669921875,49.59000015258789,1271.800048828125,2477.570068359375,10.279999732971191
2017-08-03,2804.72998046875,49.029998779296875,1267.800048828125,2472.159912109375,10.4399995803833
2017-08-04,2895.889892578125,49.58000183105469,1258.300048828125,2476.830078125,10.029999732971191
2017-08-05,3252.909912109375,,,,
2017-08-06,3213.93994140625,,,,
2017-08-07,3378.93994140625,49.38999938964844,1258.199951171875,2480.909912109375,9.930000305175781
2017-08-08,3419.93994140625,49.16999816894531,1256.4000244140625,2474.919921875,10.960000038146973
2017-08-09,3342.469970703125,49.560001373291016,1273.0,2474.02001953125,11.109999656677246
2017-08-10,3381.280029296875,48.59000015258789,1283.699951171875,2438.2099609375,16.040000915527344
2017-08-11,3650.6201171875,48.81999969482422,1287.699951171875,2441.320068359375,15.510000228881836
2017-08-12,3884.7099609375,,,,
2017-08-13,4073.260009765625,,,,
2017-08-14,4325.1298828125,47.59000015258789,1284.199951171875,2465.840087890625,12.329999923706055
2017-08-15,4181.93017578125,47.54999923706055,1273.699951171875,2464.610107421875,12.039999961853027
2017-08-16,4376.6298828125,46.779998779296875,1276.9000244140625,2468.110107421875,11.739999771118164
2017-08-17,4331.68994140625,47.09000015258789,1286.4000244140625,2430.010009765625,15.550000190734863
2017-08-18,4160.6201171875,48.5099983215332,1285.699951171875,2425.550048828125,14.260000228881836
2017-08-19,4193.7001953125,,,,
2017-08-20,4087.659912109375,,,,
2017-08-21,4001.739990234375,47.369998931884766,1290.800048828125,2428.3701171875,13.1899995803833
2017-08-22,4100.52001953125,47.63999938964844,1285.0999755859375,2452.510009765625,11.350000381469727
2017-08-23,4151.52001953125,48.40999984741211,1288.9000244140625,2444.0400390625,12.25
2017-08-24,4334.68017578125,47.43000030517578,1286.5,2438.969970703125,12.229999542236328
2017-08-25,4371.60009765625,47.869998931884766,1292.5,2443.050048828125,11.279999732971191
2017-08-26,4352.39990234375,,,,
2017-08-27,4382.8798828125,,,,
2017-08-28,4382.66015625,46.56999969482422,1309.699951171875,2444.239990234375,11.319999694824219
2017-08-29,4579.02001953125,46.439998626708984,1313.0999755859375,2446.300048828125,11.699999809265137
2017-08-30,4565.2998046875,45.959999084472656,1308.0999755859375,2457.590087890625,11.220000267028809
2017-08-31,4703.39013671875,47.22999954223633,1316.199951171875,2471.64990234375,10.59000015258789
2017-09-01,4892.009765625,47.290000915527344,1324.5,2476.550048828125,10.130000114440918
2017-09-02,4578.77001953125,,,,
2017-09-03,4582.9599609375,,,,
2017-09-04,4236.31005859375,,,,
2017-09-05,4376.52978515625,48.65999984741211,1339.199951171875,2457.85009765625,12.229999542236328
2017-09-06,4597.1201171875,49.15999984741211,1333.9000244140625,2465.5400390625,11.630000114440918
2017-09-07,4599.8798828125,49.09000015258789,1345.0999755859375,2465.10009765625,11.550000190734863
2017-09-08,4228.75,47.47999954223633,1346.0,2461.429931640625,12.119999885559082
2017-09-09,4226.06005859375,,,,
2017-09-10,4122.93994140625,,,,
2017-09-11,4161.27001953125,48.06999969482422,1331.0,2488.110107421875,10.729999542236328
2017-09-12,4130.81005859375,48.22999954223633,1328.0,2496.47998046875,10.579999923706055
2017-09-13,3882.590087890625,49.29999923706055,1323.4000244140625,2498.3701171875,10.5
2017-09-14,3154.949951171875,49.88999938964844,1324.699951171875,2495.6201171875,10.4399995803833
2017-09-15,3637.52001953125,49.88999938964844,1320.4000244140625,2500.22998046875,10.170000076293945
2017-09-16,3625.0400390625,,,,
2017-09-17,3582.8798828125,,,,
2017-09-18,4065.199951171875,49.90999984741211,1306.300048828125,2503.8701171875,10.149999618530273
2017-09-19,3924.969970703125,49.47999954223633,1306.199951171875,2506.64990234375,10.180000305175781
2017-09-20,3905.949951171875,50.40999984741211,1312.0,2508.239990234375,9.779999732971191
2017-09-21,3631.0400390625,50.54999923706055,1290.5999755859375,2500.60009765625,9.670000076293945
2017-09-22,3630.699951171875,50.65999984741211,1293.300048828125,2502.219970703125,9.59000015258789
2017-09-23,3792.39990234375,,,,
2017-09-24,3682.840087890625,,,,
2017-09-25,3926.070068359375,52.220001220703125,1306.800048828125,2496.659912109375,10.210000038146973
2017-09-26,3892.35009765625,51.880001068115234,1297.0,2496.840087890625,10.170000076293945
2017-09-27,4200.669921875,52.13999938964844,1283.4000244140625,2507.0400390625,9.869999885559082
2017-09-28,4174.72998046875,51.560001373291016,1285.5,2510.06005859375,9.550000190734863
2017-09-29,4163.06982421875,51.66999816894531,1281.5,2519.360107421875,9.510000228881836
2017-09-30,4338.7099609375,,,,
2017-10-01,4403.740234375,,,,
2017-10-02,4409.31982421875,50.58000183105469,1272.699951171875,2529.1201171875,9.449999809265137
2017-10-03,4317.47998046875,50.41999816894531,1271.5,2534.580078125,9.510000228881836
2017-10-04,4229.35986328125,49.97999954223633,1273.699951171875,2537.739990234375,9.630000114440918
2017-10-05,4328.41015625,50.790000915527344,1269.9000244140625,2552.070068359375,9.1899995803833
2017-10-06,4370.81005859375,49.290000915527344,1271.5999755859375,2549.330078125,9.649999618530273
2017-10-07,4426.89013671875,,,,
2017-10-08,4610.47998046875,,,,
2017-10-09,4772.02001953125,49.58000183105469,1281.800048828125,2544.72998046875,10.329999923706055
2017-10-10,4781.990234375,50.91999816894531,1290.5999755859375,2550.639892578125,10.079999923706055
2017-10-11,4826.47998046875,51.29999923706055,1285.800048828125,2555.239990234375,9.850000381469727
2017-10-12,5446.91015625,50.599998474121094,1293.300048828125,2550.929931640625,9.90999984741211
2017-10-13,5647.2099609375,51.45000076293945,1301.5,2553.169921875,9.609999656677246
2017-10-14,5831.7900390625,,,,
2017-10-15,5678.18994140625,,,,
2017-10-16,5725.58984375,51.869998931884766,1299.9000244140625,2557.639892578125,9.90999984741211
2017-10-17,5605.509765625,51.880001068115234,1283.0,2559.360107421875,10.3100004196167
2017-10-18,5590.68994140625,52.040000915527344,1279.9000244140625,2561.260009765625,10.069999694824219
2017-10-19,5708.52001953125,51.290000915527344,1286.9000244140625,2562.10009765625,10.050000190734863
2017-10-20,6011.4501953125,51.470001220703125,1277.4000244140625,2575.2099609375,9.970000267028809
2017-10-21,6031.60009765625,,,,
2017-10-22,6008.419921875,,,,
2017-10-23,5930.31982421875,51.900001525878906,1277.699951171875,2564.97998046875,11.069999694824219
2017-10-24,5526.64013671875,52.470001220703125,1275.0,2569.1298828125,11.15999984741211
2017-10-25,5750.7998046875,52.18000030517578,1275.4000244140625,2557.14990234375,11.229999542236328
2017-10-26,5904.830078125,52.63999938964844,1266.300048828125,2560.39990234375,11.300000190734863
2017-10-27,5780.89990234375,53.900001525878906,1268.5,2581.070068359375,9.800000190734863
2017-10-28,5753.08984375,,,,
2017-10-29,6153.85009765625,,,,
2017-10-30,6130.52978515625,54.150001525878906,1274.0999755859375,2572.830078125,10.5
2017-10-31,6468.39990234375,54.380001068115234,1267.0,2575.260009765625,10.180000305175781
2017-11-01,6767.31005859375,54.29999923706055,1274.0999755859375,2579.360107421875,10.199999809265137
2017-11-02,7078.5,54.540000915527344,1274.9000244140625,2579.85009765625,9.930000305175781
2017-11-03,7207.759765625,55.63999938964844,1266.5,2587.840087890625,9.140000343322754
2017-11-04,7379.9501953125,,,,
2017-11-05,7407.41015625,,,,
2017-11-06,7022.759765625,57.349998474121094,1279.4000244140625,2591.1298828125,9.399999618530273
2017-11-07,7144.3798828125,57.20000076293945,1273.699951171875,2590.639892578125,9.890000343322754
2017-11-08,7459.68994140625,56.810001373291016,1281.5999755859375,2594.3798828125,9.779999732971191
2017-11-09,7143.580078125,57.16999816894531,1285.5999755859375,2584.6201171875,10.5
2017-11-10,6618.14013671875,56.7400016784668,1272.4000244140625,2582.300048828125,11.289999961853027
2017-11-11,6357.60009765625,,,,
2017-11-12,5950.06982421875,,,,
2017-11-13,6559.490234375,56.7599983215332,1277.300048828125,2584.840087890625,11.5
2017-11-14,6635.75,55.70000076293945,1281.5,2578.8701171875,11.59000015258789
2017-11-15,7315.5400390625,55.33000183105469,1276.5,2564.6201171875,13.130000114440918
2017-11-16,7871.68994140625,55.13999938964844,1277.4000244140625,2585.639892578125,11.760000228881836
2017-11-17,7708.990234375,56.54999923706055,1295.800048828125,2578.85009765625,11.430000305175781
2017-11-18,7790.14990234375,,,,
2017-11-19,8036.490234375,,,,
2017-11-20,8200.6396484375,56.09000015258789,1274.5999755859375,2582.139892578125,10.649999618530273
2017-11-21,8071.259765625,56.83000183105469,1281.0999755859375,2599.030029296875,9.729999542236328
2017-11-22,8253.5498046875,58.02000045776367,1291.5999755859375,2597.080078125,9.880000114440918
2017-11-23,8038.77001953125,,,,
2017-11-24,8253.6904296875,58.95000076293945,1286.699951171875,2602.419921875,9.670000076293945
2017-11-25,8790.919921875,,,,
2017-11-26,9330.5498046875,,,,
2017-11-27,9818.349609375,58.11000061035156,1293.800048828125,2601.419921875,9.869999885559082
2017-11-28,10058.7998046875,57.9900016784668,1294.699951171875,2627.0400390625,10.029999732971191
2017-11-29,9888.6103515625,57.29999923706055,1282.0999755859375,2626.070068359375,10.699999809265137
2017-11-30,10233.599609375,57.400001525878906,1273.199951171875,2647.580078125,11.279999732971191
2017-12-01,10975.599609375,58.36000061035156,1278.800048828125,2642.219970703125,11.430000305175781
2017-12-02,11074.599609375,,,,
2017-12-03,11323.2001953125,,,,
2017-12-04,11657.2001953125,57.470001220703125,1274.300048828125,2639.43994140625,11.680000305175781
2017-12-05,11916.7001953125,57.619998931884766,1261.5999755859375,2629.570068359375,11.329999923706055
2017-12-06,14291.5,55.959999084472656,1262.800048828125,2629.27001953125,11.020000457763672
2017-12-07,17899.69921875,56.689998626708984,1249.800048828125,2636.97998046875,10.15999984741211
2017-12-08,16569.400390625,57.36000061035156,1245.199951171875,2651.5,9.579999923706055
2017-12-09,15178.2001953125,,,,
2017-12-10,15455.400390625,,,,
2017-12-11,16936.80078125,57.9900016784668,1243.699951171875,2659.989990234375,9.34000015258789
2017-12-12,17415.400390625,57.13999938964844,1238.5,2664.110107421875,9.920000076293945
2017-12-13,16408.19921875,56.599998474121094,1245.4000244140625,2662.85009765625,10.180000305175781
2017-12-14,16564.0,57.040000915527344,1253.800048828125,2652.010009765625,10.489999771118164
2017-12-15,17706.900390625,57.29999923706055,1254.300048828125,2675.81005859375,9.420000076293945
2017-12-16,19497.400390625,,,,
2017-12-17,19140.80078125,,,,
2017-12-18,19114.19921875,57.15999984741211,1262.199951171875,2690.159912109375,9.529999732971191
2017-12-19,17776.69921875,57.459999084472656,1260.699951171875,2681.469970703125,10.029999732971191
2017-12-20,16624.599609375,58.09000015258789,1266.0999755859375,2679.25,9.720000267028809
2017-12-21,15802.900390625,58.36000061035156,1267.300048828125,2684.570068359375,9.619999885559082
2017-12-22,13831.7998046875,58.470001220703125,1275.4000244140625,2683.340087890625,9.899999618530273
2017-12-23,14699.2001953125,,,,
2017-12-24,13925.7998046875,,,,
2017-12-25,14026.599609375,,,,
2017-12-26,16099.7998046875,59.970001220703125,1284.0999755859375,2680.5,10.25
2017-12-27,15838.5,59.63999938964844,1287.0,2682.6201171875,10.470000267028809
2017-12-28,14606.5,59.84000015258789,1294.0999755859375,2687.5400390625,10.180000305175781
2017-12-29,14656.2001953125,60.41999816894531,1306.300048828125,2673.610107421875,11.039999961853027
2017-12-30,12952.2001953125,,,,
2017-12-31,14156.400390625,,,,
2018-01-01,13657.2001953125,,,,
2018-01-02,14982.099609375,60.369998931884766,1313.699951171875,2695.81005859375,9.770000457763672
2018-01-03,15201.0,61.630001068115234,1316.199951171875,2713.06005859375,9.149999618530273
2018-01-04,15599.2001953125,62.0099983215332,1319.4000244140625,2723.989990234375,9.220000267028809
2018-01-05,17429.5,61.439998626708984,1320.300048828125,2743.14990234375,9.220000267028809
2018-01-06,17527.0,,,,
2018-01-07,16477.599609375,,,,
2018-01-08,15170.099609375,61.72999954223633,1318.5999755859375,2747.7099609375,9.520000457763672
2018-01-09,14595.400390625,62.959999084472656,1311.699951171875,2751.2900390625,10.079999923706055
2018-01-10,14973.2998046875,63.56999969482422,1317.4000244140625,2748.22998046875,9.819999694824219
2018-01-11,13405.7998046875,63.79999923706055,1320.5999755859375,2767.56005859375,9.880000114440918
2018-01-12,13980.599609375,64.30000305175781,1333.4000244140625,2786.239990234375,10.15999984741211
2018-01-13,14360.2001953125,,,,
2018-01-14,13772.0,,,,
2018-01-15,13819.7998046875,,,,
2018-01-16,11490.5,63.72999954223633,1335.4000244140625,2776.419921875,11.65999984741211
2018-01-17,11188.599609375,63.970001220703125,1338.0,2802.56005859375,11.90999984741211
2018-01-18,11474.900390625,63.95000076293945,1326.0,2798.030029296875,12.220000267028809
2018-01-19,11607.400390625,63.369998931884766,1331.9000244140625,2810.300048828125,11.270000457763672
2018-01-20,12899.2001953125,,,,
2018-01-21,11600.099609375,,,,
2018-01-22,10931.400390625,63.4900016784668,1330.9000244140625,2832.969970703125,11.029999732971191
2018-01-23,10868.400390625,64.47000122070312,1335.699951171875,2839.1298828125,11.100000381469727
2018-01-24,11359.400390625,65.61000061035156,1355.9000244140625,2837.5400390625,11.470000267028809
2018-01-25,11259.400390625,65.51000213623047,1362.4000244140625,2839.25,11.579999923706055
2018-01-26,11171.400390625,66.13999938964844,1351.5999755859375,2872.8701171875,11.079999923706055
2018-01-27,11440.7001953125,,,,
2018-01-28,11786.2998046875,,,,
2018-01-29,11296.400390625,65.55999755859375,,2853.530029296875,13.84000015258789
2018-01-30,10106.2998046875,64.5,1335.4000244140625,2822.429931640625,14.789999961853027
2018-01-31,10221.099609375,64.7300033569336,1339.0,2823.81005859375,13.539999961853027
2018-02-01,9170.5400390625,65.80000305175781,1344.300048828125,2821.97998046875,13.470000267028809
2018-02-02,8830.75,65.44999694824219,1333.699951171875,2762.1298828125,17.309999465942383
2018-02-03,9174.91015625,,,,
2018-02-04,8277.009765625,,,,
2018-02-05,6955.27001953125,64.1500015258789,1333.0,2648.93994140625,37.31999969482422
2018-02-06,7754.0,63.38999938964844,1326.0999755859375,2695.139892578125,29.979999542236328
2018-02-07,7621.2998046875,61.790000915527344,1311.5999755859375,2681.659912109375,27.729999542236328
2018-02-08,8265.58984375,61.150001525878906,1316.9000244140625,2581.0,33.459999084472656
2018-02-09,8736.98046875,59.20000076293945,1313.0999755859375,2619.550048828125,29.059999465942383
2018-02-10,8621.900390625,,,,
2018-02-11,8129.97021484375,,,,
2018-02-12,8926.5703125,59.290000915527344,1324.199951171875,2656.0,25.610000610351562
2018-02-13,8598.3095703125,59.189998626708984,1328.0999755859375,2662.93994140625,24.969999313354492
2018-02-14,9494.6298828125,60.599998474121094,1355.5,2698.6298828125,19.260000228881836
2018-02-15,10166.400390625,61.34000015258789,1352.0999755859375,2731.199951171875,19.1299991607666
2018-02-16,10233.900390625,61.68000030517578,1353.199951171875,2732.219970703125,19.459999084472656
2018-02-17,11112.7001953125,,,,
2018-02-18,10551.7998046875,,,,
2018-02-19,11225.2998046875,,,,
2018-02-20,11403.7001953125,61.900001525878906,1328.800048828125,2716.260009765625,20.600000381469727
2018-02-21,10690.400390625,61.68000030517578,1330.0,2701.330078125,20.020000457763672
2018-02-22,10005.0,62.77000045776367,1330.5999755859375,2703.9599609375,18.719999313354492
2018-02-23,10301.099609375,63.54999923706055,1328.199951171875,2747.300048828125,16.489999771118164
2018-02-24,9813.0703125,,,,
2018-02-25,9664.73046875,,,,
2018-02-26,10366.7001953125,63.90999984741211,1330.699951171875,2779.60009765625,15.800000190734863
2018-02-27,10725.599609375,63.0099983215332,1315.5,2744.280029296875,18.59000015258789
2018-02-28,10397.900390625,61.63999938964844,1315.5,2713.830078125,19.850000381469727
2018-03-01,10951.0,60.9900016784668,1302.9000244140625,2677.669921875,22.469999313354492
2018-03-02,11086.400390625,61.25,1321.0999755859375,2691.25,19.59000015258789
2018-03-03,11489.7001953125,,,,
2018-03-04,11512.599609375,,,,
2018-03-05,11573.2998046875,62.56999969482422,1318.0999755859375,2720.93994140625,18.729999542236328
2018-03-06,10779.900390625,62.599998474121094,1333.5999755859375,2728.1201171875,18.360000610351562
2018-03-07,9965.5703125,61.150001525878906,1326.0,2726.800048828125,17.760000228881836
2018-03-08,9395.009765625,60.119998931884766,1319.9000244140625,2738.969970703125,16.540000915527344
2018-03-09,9337.5498046875,62.040000915527344,1322.4000244140625,2786.570068359375,14.640000343322754
2018-03-10,8866.0,,,,
2018-03-11,9578.6298828125,,,,
2018-03-12,9205.1201171875,61.36000061035156,1319.4000244140625,2783.02001953125,15.779999732971191
2018-03-13,9194.849609375,60.709999084472656,1325.9000244140625,2765.31005859375,16.350000381469727
2018-03-14,8269.8095703125,60.959999084472656,1324.4000244140625,2749.47998046875,17.229999542236328
2018-03-15,8300.8603515625,61.189998626708984,1316.800048828125,2747.330078125,16.59000015258789
2018-03-16,8338.349609375,62.34000015258789,1311.300048828125,2752.010009765625,15.800000190734863
2018-03-17,7916.8798828125,,,,
2018-03-18,8223.6796875,,,,
2018-03-19,8630.650390625,62.060001373291016,1316.800048828125,2712.919921875,19.020000457763672
2018-03-20,8913.4697265625,63.400001525878906,1311.0999755859375,2716.93994140625,18.200000762939453
2018-03-21,8929.2802734375,65.16999816894531,1320.699951171875,2711.929931640625,17.860000610351562
2018-03-22,8728.4697265625,64.30000305175781,1326.5999755859375,2643.68994140625,23.34000015258789
2018-03-23,8879.6201171875,65.87999725341797,1349.300048828125,2588.260009765625,24.8700008392334
2018-03-24,8668.1201171875,,,,
2018-03-25,8495.7802734375,,,,
2018-03-26,8209.400390625,65.55000305175781,1354.4000244140625,2658.550048828125,21.030000686645508
2018-03-27,7833.0400390625,65.25,1341.300048828125,2612.6201171875,22.5
2018-03-28,7954.47998046875,64.37999725341797,1324.199951171875,2605.0,22.8700008392334
2018-03-29,7165.7001953125,64.94000244140625,1322.800048828125,2640.8701171875,19.969999313354492
2018-03-30,6890.52001953125,,,,
2018-03-31,6973.52978515625,,,,
2018-04-01,6844.22998046875,,,,
2018-04-02,7083.7998046875,63.0099983215332,1342.0999755859375,2581.8798828125,23.6200008392334
2018-04-03,7456.10986328125,63.5099983215332,1332.800048828125,2614.449951171875,21.100000381469727
2018-04-04,6853.83984375,63.369998931884766,1335.800048828125,2644.68994140625,20.059999465942383
2018-04-05,6811.47021484375,63.540000915527344,1324.300048828125,2662.840087890625,18.940000534057617
2018-04-06,6636.31982421875,62.060001373291016,1331.9000244140625,2604.469970703125,21.489999771118164
2018-04-07,6911.08984375,,,,
2018-04-08,7023.52001953125,,,,
2018-04-09,6770.72998046875,63.41999816894531,1336.300048828125,2613.159912109375,21.770000457763672
2018-04-10,6834.759765625,65.51000213623047,1342.0,2656.8701171875,20.469999313354492
2018-04-11,6968.31982421875,66.81999969482422,1356.5,2642.18994140625,20.239999771118164
2018-04-12,7889.25,67.06999969482422,1338.4000244140625,2663.989990234375,18.489999771118164
2018-04-13,7895.9599609375,67.38999938964844,1344.800048828125,2656.300048828125,17.40999984741211
2018-04-14,7986.240234375,,,,
2018-04-15,8329.1103515625,,,,
2018-04-16,8058.669921875,66.22000122070312,1347.5,2677.840087890625,16.559999465942383
2018-04-17,7902.08984375,66.5199966430664,1347.199951171875,2706.389892578125,15.25
2018-04-18,8163.419921875,68.47000122070312,1351.199951171875,2708.639892578125,15.600000381469727
2018-04-19,8294.3095703125,68.29000091552734,1346.800048828125,2693.1298828125,15.960000038146973
2018-04-20,8845.830078125,68.37999725341797,1336.699951171875,2670.139892578125,16.8799991607666
2018-04-21,8895.580078125,,,,
2018-04-22,8802.4599609375,,,,
2018-04-23,8930.8798828125,68.63999938964844,1322.5,2670.2900390625,16.34000015258789
2018-04-24,9697.5,67.69999694824219,1331.4000244140625,2634.56005859375,18.020000457763672
2018-04-25,8845.740234375,68.05000305175781,1321.199951171875,2639.39990234375,17.84000015258789
2018-04-26,9281.509765625,68.19000244140625,1316.300048828125,2666.93994140625,16.239999771118164
2018-04-27,8987.0498046875,68.0999984741211,1320.300048828125,2669.909912109375,15.40999984741211
2018-04-28,9348.48046875,,,,
2018-04-29,9419.080078125,,,,
2018-04-30,9240.5498046875,68.56999969482422,1316.199951171875,2648.050048828125,15.930000305175781
2018-05-01,9119.009765625,67.25,1303.800048828125,2654.800048828125,15.489999771118164
2018-05-02,9235.919921875,67.93000030517578,1302.5999755859375,2635.669921875,15.970000267028809
2018-05-03,9743.8603515625,68.43000030517578,1310.699951171875,2629.72998046875,15.899999618530273
2018-05-04,9700.759765625,69.72000122070312,1312.699951171875,2663.419921875,14.770000457763672
2018-05-05,9858.150390625,,,,
2018-05-06,9654.7998046875,,,,
2018-05-07,9373.009765625,70.7300033569336,1312.199951171875,2672.6298828125,14.75
2018-05-08,9234.8203125,69.05999755859375,1312.0,2671.919921875,14.710000038146973
2018-05-09,9325.1796875,71.13999938964844,1311.300048828125,2697.7900390625,13.420000076293945
2018-05-10,9043.9404296875,71.36000061035156,1320.800048828125,2723.070068359375,13.229999542236328
2018-05-11,8441.490234375,70.69999694824219,1319.0,2727.719970703125,12.649999618530273
2018-05-12,8504.8896484375,,,,
2018-05-13,8723.9404296875,,,,
2018-05-14,8716.7900390625,70.95999908447266,1316.5,2730.1298828125,12.930000305175781
2018-05-15,8510.3798828125,71.30999755859375,1288.9000244140625,2711.449951171875,14.630000114440918
2018-05-16,8368.830078125,71.48999786376953,1290.199951171875,2722.4599609375,13.420000076293945
2018-05-17,8094.31982421875,71.48999786376953,1288.199951171875,2720.1298828125,13.430000305175781
2018-05-18,8250.9697265625,71.27999877929688,1290.199951171875,2712.969970703125,13.420000076293945
2018-05-19,8247.1796875,,,,
2018-05-20,8513.25,,,,
2018-05-21,8418.990234375,72.23999786376953,1290.199951171875,2733.010009765625,13.079999923706055
2018-05-22,8041.77978515625,72.12999725341797,1291.699951171875,2724.43994140625,13.220000267028809
2018-05-23,7557.81982421875,71.83999633789062,1289.300048828125,2733.2900390625,12.579999923706055
2018-05-24,7587.33984375,70.70999908447266,1303.699951171875,2727.760009765625,12.529999732971191
2018-05-25,7480.14013671875,67.87999725341797,1303.300048828125,2721.330078125,13.220000267028809
2018-05-26,7355.8798828125,,,,
2018-05-27,7368.22021484375,,,,
2018-05-28,7135.990234375,,,,
2018-05-29,7472.58984375,66.7300033569336,1298.699951171875,2689.860107421875,17.020000457763672
2018-05-30,7406.52001953125,68.20999908447266,1301.5,2724.010009765625,14.9399995803833
2018-05-31,7494.169921875,67.04000091552734,1300.0999755859375,2705.27001953125,15.430000305175781
2018-06-01,7541.4501953125,65.80999755859375,1294.800048828125,2734.6201171875,13.460000038146973
2018-06-02,7643.4501953125,,,,
2018-06-03,7720.25,,,,
2018-06-04,7514.47021484375,64.75,1293.0999755859375,2746.8701171875,12.739999771118164
2018-06-05,7633.759765625,65.5199966430664,1297.5,2748.800048828125,12.399999618530273
2018-06-06,7653.97998046875,64.7300033569336,1297.0999755859375,2772.35009765625,11.640000343322754
2018-06-07,7678.240234375,65.94999694824219,1298.699951171875,2770.3701171875,12.130000114440918
2018-06-08,7624.919921875,65.73999786376953,1298.0999755859375,2779.030029296875,12.180000305175781
2018-06-09,7531.97998046875,,,,
2018-06-10,6786.02001953125,,,,
2018-06-11,6906.919921875,66.0999984741211,1298.9000244140625,2782.0,12.350000381469727
2018-06-12,6582.35986328125,66.36000061035156,1295.0999755859375,2786.85009765625,12.34000015258789
2018-06-13,6349.89990234375,66.63999938964844,1296.9000244140625,2775.6298828125,12.9399995803833
2018-06-14,6675.35009765625,66.88999938964844,1304.0,2782.489990234375,12.119999885559082
2018-06-15,6456.580078125,65.05999755859375,1274.5999755859375,2779.659912109375,11.979999542236328
2018-06-16,6550.16015625,,,,
2018-06-17,6499.27001953125,,,,
2018-06-18,6734.81982421875,65.8499984741211,1276.199951171875,2773.75,12.3100004196167
2018-06-19,6769.93994140625,65.06999969482422,1275.5999755859375,2762.590087890625,13.350000381469727
2018-06-20,6776.5498046875,66.22000122070312,1271.199951171875,2767.320068359375,12.789999961853027
2018-06-21,6729.740234375,65.54000091552734,1267.199951171875,2749.760009765625,14.640000343322754
2018-06-22,6083.68994140625,68.58000183105469,1267.4000244140625,2754.8798828125,13.770000457763672
2018-06-23,6162.47998046875,,,,
2018-06-24,6173.22998046875,,,,
2018-06-25,6249.18017578125,68.08000183105469,1265.5999755859375,2717.070068359375,17.329999923706055
2018-06-26,6093.669921875,70.52999877929688,1256.5999755859375,2723.06005859375,15.920000076293945
2018-06-27,6157.1298828125,72.76000213623047,1252.800048828125,2699.6298828125,17.90999984741211
2018-06-28,5903.43994140625,73.44999694824219,1247.800048828125,2716.31005859375,16.850000381469727
2018-06-29,6218.2998046875,74.1500015258789,1251.300048828125,2718.3701171875,16.09000015258789
2018-06-30,6404.0,,,,
2018-07-01,6385.81982421875,,,,
2018-07-02,6614.18017578125,73.94000244140625,1239.800048828125,2726.7099609375,15.600000381469727
2018-07-03,6529.58984375,74.13999938964844,1251.5999755859375,2713.219970703125,16.139999389648438
2018-07-04,6597.5498046875,,,,
2018-07-05,6639.14013671875,72.94000244140625,1257.300048828125,2736.610107421875,14.970000267028809
2018-07-06,6673.5,73.80000305175781,1254.300048828125,2759.820068359375,13.369999885559082
2018-07-07,6856.93017578125,,,,
2018-07-08,6773.8798828125,,,,
2018-07-09,6741.75,73.8499984741211,1258.0999755859375,2784.169921875,12.6899995803833
2018-07-10,6329.9501953125,74.11000061035156,1253.800048828125,2793.840087890625,12.640000343322754
2018-07-11,6394.7099609375,70.37999725341797,1242.800048828125,2774.02001953125,13.630000114440918
2018-07-12,6228.81005859375,70.33000183105469,1245.0,2798.2900390625,12.579999923706055
2018-07-13,6238.0498046875,71.01000213623047,1239.5999755859375,2801.31005859375,12.180000305175781
2018-07-14,6276.1201171875,,,,
2018-07-15,6359.64013671875,,,,
2018-07-16,6741.75,68.05999755859375,1238.0999755859375,2798.429931640625,12.829999923706055
2018-07-17,7321.0400390625,68.08000183105469,1225.699951171875,2809.550048828125,12.0600004196167
2018-07-18,7370.77978515625,68.76000213623047,1226.300048828125,2815.6201171875,12.100000381469727
2018-07-19,7466.85986328125,69.45999908447266,1222.4000244140625,2804.489990234375,12.869999885559082
2018-07-20,7354.1298828125,70.45999908447266,1229.5,2801.830078125,12.859999656677246
2018-07-21,7419.2900390625,,,,
2018-07-22,7418.490234375,,,,
2018-07-23,7711.10986328125,67.88999938964844,1224.0,2806.97998046875,12.619999885559082
2018-07-24,8424.26953125,68.5199966430664,1223.9000244140625,2820.39990234375,12.40999984741211
2018-07-25,8181.39013671875,69.30000305175781,1231.4000244140625,2846.070068359375,12.289999961853027
2018-07-26,7951.580078125,69.61000061035156,1225.300048828125,2837.43994140625,12.140000343322754
2018-07-27,8165.009765625,68.69000244140625,1222.5999755859375,2818.820068359375,13.029999732971191
2018-07-28,8192.150390625,,,,
2018-07-29,8218.4599609375,,,,
2018-07-30,8180.47998046875,70.12999725341797,1221.300048828125,2802.60009765625,14.260000228881836
2018-07-31,7780.43994140625,68.76000213623047,1223.699951171875,2816.2900390625,12.829999923706055
2018-08-01,7624.91015625,67.66000366210938,1217.9000244140625,2813.360107421875,13.149999618530273
2018-08-02,7567.14990234375,68.95999908447266,1210.5999755859375,2827.219970703125,12.1899995803833
2018-08-03,7434.39013671875,68.48999786376953,1214.199951171875,2840.35009765625,11.640000343322754
2018-08-04,7032.85009765625,,,,
2018-08-05,7068.47998046875,,,,
2018-08-06,6951.7998046875,69.01000213623047,1208.5999755859375,2850.39990234375,11.270000457763672
2018-08-07,6753.1201171875,69.16999816894531,1209.5999755859375,2858.449951171875,10.930000305175781
2018-08-08,6305.7998046875,66.94000244140625,1212.5999755859375,2857.699951171875,10.850000381469727
2018-08-09,6568.22998046875,66.80999755859375,1211.9000244140625,2853.580078125,11.270000457763672
2018-08-10,6184.7099609375,67.62999725341797,1211.0999755859375,2833.280029296875,13.15999984741211
2018-08-11,6295.72998046875,,,,
2018-08-12,6322.68994140625,,,,
2018-08-13,6297.56982421875,67.19999694824219,1191.300048828125,2821.929931640625,14.779999732971191
2018-08-14,6199.7099609375,67.04000091552734,1193.0,2839.9599609375,13.3100004196167
2018-08-15,6308.52001953125,65.01000213623047,1177.5,2818.3701171875,14.640000343322754
2018-08-16,6334.72998046875,65.45999908447266,1176.199951171875,2840.68994140625,13.449999809265137
2018-08-17,6580.6298828125,65.91000366210938,1176.5,2850.1298828125,12.640000343322754
2018-08-18,6423.759765625,,,,
2018-08-19,6506.06982421875,,,,
2018-08-20,6308.52978515625,66.43000030517578,1186.800048828125,2857.050048828125,12.489999771118164
2018-08-21,6488.759765625,67.3499984741211,1192.5999755859375,2862.9599609375,12.859999656677246
2018-08-22,6376.7099609375,67.86000061035156,1196.300048828125,2861.820068359375,12.25
2018-08-23,6534.8798828125,67.83000183105469,1187.0,2856.97998046875,12.40999984741211
2018-08-24,6719.9599609375,68.72000122070312,1206.300048828125,2874.68994140625,11.989999771118164
2018-08-25,6763.18994140625,,,,
2018-08-26,6707.259765625,,,,
2018-08-27,6884.64013671875,68.87000274658203,1209.0,2896.739990234375,12.15999984741211
2018-08-28,7096.27978515625,68.52999877929688,1207.4000244140625,2897.52001953125,12.5
2018-08-29,7047.16015625,69.51000213623047,1204.5,2914.0400390625,12.25
2018-08-30,6978.22998046875,70.25,1197.699951171875,2901.1298828125,13.529999732971191
2018-08-31,7037.580078125,69.80000305175781,1200.300048828125,2901.52001953125,12.859999656677246
2018-09-01,7193.25,,,,
2018-09-02,7272.72021484375,,,,
2018-09-03,7260.06005859375,,,,
2018-09-04,7361.66015625,69.87000274658203,1192.699951171875,2896.719970703125,13.15999984741211
2018-09-05,6792.830078125,68.72000122070312,1194.9000244140625,2888.60009765625,13.90999984741211
2018-09-06,6529.169921875,67.7699966430664,1197.9000244140625,2878.050048828125,14.649999618530273
2018-09-07,6467.06982421875,67.75,1193.5999755859375,2871.679931640625,14.880000114440918
2018-09-08,6225.97998046875,,,,
2018-09-09,6300.85986328125,,,,
2018-09-10,6329.7001953125,67.54000091552734,1193.0,2877.1298828125,14.15999984741211
2018-09-11,6321.2001953125,69.25,1195.4000244140625,2887.889892578125,13.220000267028809
2018-09-12,6351.7998046875,70.37000274658203,1204.699951171875,2888.919921875,13.140000343322754
2018-09-13,6517.31005859375,68.58999633789062,1202.0,2904.179931640625,12.369999885559082
2018-09-14,6512.7099609375,68.98999786376953,1195.0,2904.97998046875,12.069999694824219
2018-09-15,6543.2001953125,,,,
2018-09-16,6517.18017578125,,,,
2018-09-17,6281.2001953125,68.91000366210938,1199.699951171875,2888.800048828125,13.680000305175781
2018-09-18,6371.2998046875,69.8499984741211,1196.800048828125,2904.31005859375,12.789999961853027
2018-09-19,6398.5400390625,71.12000274658203,1202.199951171875,2907.949951171875,11.75
2018-09-20,6519.669921875,70.80000305175781,1206.199951171875,2930.75,11.800000190734863
2018-09-21,6734.9501953125,70.77999877929688,1196.199951171875,2929.669921875,11.680000305175781
2018-09-22,6721.97998046875,,,,
2018-09-23,6710.6298828125,,,,
2018-09-24,6595.41015625,72.08000183105469,1199.300048828125,2919.3701171875,12.199999809265137
2018-09-25,6446.47021484375,72.27999877929688,1200.0,2915.56005859375,12.420000076293945
2018-09-26,6495.0,71.56999969482422,1194.0,2905.969970703125,12.890000343322754
2018-09-27,6676.75,72.12000274658203,1182.300048828125,2914.0,12.40999984741211
2018-09-28,6644.1298828125,73.25,1191.5,2913.97998046875,12.119999885559082
2018-09-29,6601.9599609375,,,,
2018-09-30,6625.56005859375,,,,
2018-10-01,6589.6201171875,75.30000305175781,1187.0999755859375,2924.590087890625,12.0
2018-10-02,6556.10009765625,75.2300033569336,1202.4000244140625,2923.429931640625,12.050000190734863
2018-10-03,6502.58984375,76.41000366210938,1198.300048828125,2925.510009765625,11.609999656677246
2018-10-04,6576.68994140625,74.33000183105469,1197.199951171875,2901.610107421875,14.220000267028809
2018-10-05,6622.47998046875,74.33999633789062,1201.199951171875,2885.570068359375,14.819999694824219
2018-10-06,6588.31005859375,,,,
2018-10-07,6602.9501953125,,,,
2018-10-08,6652.22998046875,74.29000091552734,1184.4000244140625,2884.429931640625,15.6899995803833
2018-10-09,6642.64013671875,74.95999908447266,1187.199951171875,2880.340087890625,15.949999809265137
2018-10-10,6585.52978515625,73.16999816894531,1189.300048828125,2785.679931640625,22.959999084472656
2018-10-11,6256.240234375,70.97000122070312,1223.5,2728.3701171875,24.979999542236328
2018-10-12,6274.580078125,71.33999633789062,1218.0999755859375,2767.1298828125,21.309999465942383
2018-10-13,6285.990234375,,,,
2018-10-14,6290.93017578125,,,,
2018-10-15,6596.5400390625,71.77999877929688,1226.4000244140625,2750.7900390625,21.299999237060547
2018-10-16,6596.10986328125,71.91999816894531,1227.300048828125,2809.919921875,17.6200008392334
2018-10-17,6544.43017578125,69.75,1223.699951171875,2809.2099609375,17.399999618530273
2018-10-18,6476.7099609375,68.6500015258789,1226.5,2768.780029296875,20.059999465942383
2018-10-19,6465.41015625,69.12000274658203,1225.300048828125,2767.780029296875,19.889999389648438
2018-10-20,6489.18994140625,,,,
2018-10-21,6482.35009765625,,,,
2018-10-22,6487.16015625,69.16999816894531,1221.199951171875,2755.8798828125,19.639999389648438
2018-10-23,6475.740234375,66.43000030517578,1233.4000244140625,2740.68994140625,20.709999084472656
2018-10-24,6495.83984375,66.81999969482422,1227.800048828125,2656.10009765625,25.229999542236328
2018-10-25,6476.2900390625,67.33000183105469,1229.0999755859375,2705.570068359375,24.219999313354492
2018-10-26,6474.75,67.58999633789062,1232.5,2658.68994140625,24.15999984741211
2018-10-27,6480.3798828125,,,,
2018-10-28,6486.39013671875,,,,
2018-10-29,6332.6298828125,67.04000091552734,1224.5,2641.25,24.700000762939453
2018-10-30,6334.27001953125,66.18000030517578,1222.5999755859375,2682.6298828125,23.350000381469727
2018-10-31,6317.60986328125,65.30999755859375,1212.300048828125,2711.739990234375,21.229999542236328
2018-11-01,6377.77978515625,63.689998626708984,1236.0,2740.3701171875,19.34000015258789
2018-11-02,6388.43994140625,63.13999938964844,1230.9000244140625,2723.06005859375,19.510000228881836
2018-11-03,6361.259765625,,,,
2018-11-04,6376.1298828125,,,,
2018-11-05,6419.66015625,63.099998474121094,1229.800048828125,2738.31005859375,19.959999084472656
2018-11-06,6461.009765625,62.209999084472656,1223.800048828125,2755.449951171875,19.90999984741211
2018-11-07,6530.14013671875,61.66999816894531,1226.199951171875,2813.889892578125,16.360000610351562
2018-11-08,6453.72021484375,60.66999816894531,1222.9000244140625,2806.830078125,16.719999313354492
2018-11-09,6385.6201171875,60.189998626708984,1206.4000244140625,2781.010009765625,17.360000610351562
2018-11-10,6409.22021484375,,,,
2018-11-11,6411.27001953125,,,,
2018-11-12,6371.27001953125,59.93000030517578,1201.300048828125,2726.219970703125,20.450000762939453
2018-11-13,6359.490234375,55.689998626708984,1199.199951171875,2722.179931640625,20.020000457763672
2018-11-14,5738.35009765625,56.25,1207.9000244140625,2701.580078125,21.25
2018-11-15,5648.02978515625,56.459999084472656,1212.800048828125,2730.199951171875,19.979999542236328
2018-11-16,5575.5498046875,56.459999084472656,1220.800048828125,2736.27001953125,18.139999389648438
2018-11-17,5554.330078125,,,,
2018-11-18,5623.5400390625,,,,
2018-11-19,4871.490234375,56.7599983215332,1223.0999755859375,2690.72998046875,20.100000381469727
2018-11-20,4451.8701171875,53.43000030517578,1219.0,2641.889892578125,22.479999542236328
2018-11-21,4602.169921875,54.630001068115234,1225.800048828125,2649.929931640625,20.799999237060547
2018-11-22,4365.93994140625,,,,
2018-11-23,4347.10986328125,50.41999816894531,1221.0,2632.56005859375,21.520000457763672
2018-11-24,3880.760009765625,,,,
2018-11-25,4009.969970703125,,,,
2018-11-26,3779.1298828125,51.630001068115234,1220.199951171875,2673.449951171875,18.899999618530273
2018-11-27,3820.719970703125,51.560001373291016,1211.199951171875,2682.169921875,19.020000457763672
2018-11-28,4257.419921875,50.290000915527344,1221.4000244140625,2743.7900390625,18.489999771118164
2018-11-29,4278.8466796875,51.45000076293945,1224.0999755859375,2737.800048828125,18.790000915527344
2018-11-30,4017.2685546875,50.93000030517578,1220.199951171875,2760.169921875,18.06999969482422
2018-12-01,4214.671875,,,,
2018-12-02,4139.8779296875,,,,
2018-12-03,3894.130859375,52.95000076293945,1233.9000244140625,2790.3701171875,16.440000534057617
2018-12-04,3956.893798828125,53.25,1241.0999755859375,2700.06005859375,20.739999771118164
2018-12-05,3753.994873046875,,,,
2018-12-06,3521.101806640625,51.4900016784668,1238.0999755859375,2695.949951171875,21.190000534057617
2018-12-07,3419.937255859375,52.61000061035156,1246.800048828125,2633.080078125,23.229999542236328
2018-12-08,3476.11474609375,,,,
2018-12-09,3614.234375,,,,
2018-12-10,3502.656005859375,51.0,1243.699951171875,2637.719970703125,22.639999389648438
2018-12-11,3424.588134765625,51.650001525878906,1241.9000244140625,2636.780029296875,21.760000228881836
2018-12-12,3486.9501953125,51.150001525878906,1244.4000244140625,2651.070068359375,21.459999084472656
2018-12-13,3313.67724609375,52.58000183105469,1242.699951171875,2650.5400390625,20.649999618530273
2018-12-14,3242.48486328125,51.20000076293945,1237.0,2599.949951171875,21.6299991607666
2018-12-15,3236.76171875,,,,
2018-12-16,3252.839111328125,,,,
2018-12-17,3545.86474609375,49.880001068115234,1247.4000244140625,2545.93994140625,24.520000457763672
2018-12-18,3696.05908203125,46.2400016784668,1249.199951171875,2546.159912109375,25.579999923706055
2018-12-19,3745.95068359375,47.20000076293945,1252.0999755859375,2506.9599609375,25.579999923706055
2018-12-20,4134.44140625,45.880001068115234,1263.5999755859375,2467.419921875,28.3799991607666
2018-12-21,3896.543701171875,45.59000015258789,1253.800048828125,2416.6201171875,30.110000610351562
2018-12-22,4014.1826171875,,,,
2018-12-23,3998.980224609375,,,,
2018-12-24,4078.59912109375,42.529998779296875,1267.5,2351.10009765625,36.06999969482422
2018-12-25,3815.49072265625,,,,
2018-12-26,3857.297607421875,46.220001220703125,1269.199951171875,2467.699951171875,30.40999984741211
2018-12-27,3654.83349609375,44.61000061035156,1277.300048828125,2488.830078125,29.959999084472656
2018-12-28,3923.918701171875,45.33000183105469,1279.9000244140625,2485.739990234375,28.34000015258789
2018-12-29,3820.40869140625,,,,
2018-12-30,3865.95263671875,,,,
2018-12-31,3742.700439453125,45.40999984741211,1278.300048828125,2506.85009765625,25.420000076293945
2019-01-01,3843.52001953125,,,,
2019-01-02,3943.409423828125,46.540000915527344,1281.0,2510.030029296875,23.219999313354492
2019-01-03,3836.7412109375,47.09000015258789,1291.800048828125,2447.889892578125,25.450000762939453
2019-01-04,3857.717529296875,47.959999084472656,1282.699951171875,2531.93994140625,21.3799991607666
2019-01-05,3845.194580078125,,,,
2019-01-06,4076.632568359375,,,,
2019-01-07,4025.248291015625,48.52000045776367,1286.800048828125,2549.68994140625,21.399999618530273
2019-01-08,4030.847900390625,49.779998779296875,1283.199951171875,2574.409912109375,20.469999313354492
2019-01-09,4035.29638671875,52.36000061035156,1289.300048828125,2584.9599609375,19.979999542236328
2019-01-10,3678.924560546875,52.59000015258789,1284.699951171875,2596.639892578125,19.5
2019-01-11,3687.365478515625,51.59000015258789,1287.0999755859375,2596.260009765625,18.190000534057617
2019-01-12,3661.301025390625,,,,
2019-01-13,3552.953125,,,,
2019-01-14,3706.05224609375,50.5099983215332,1289.0999755859375,2582.610107421875,19.06999969482422
2019-01-15,3630.67529296875,52.11000061035156,1286.199951171875,2610.300048828125,18.600000381469727
2019-01-16,3655.0068359375,52.310001373291016,1291.5999755859375,2616.10009765625,19.040000915527344
2019-01-17,3678.56396484375,52.06999969482422,1291.0,2635.9599609375,18.059999465942383
2019-01-18,3657.83935546875,53.79999923706055,1281.300048828125,2670.7099609375,17.799999237060547
2019-01-19,3728.568359375,,,,
2019-01-20,3601.013671875,,,,
2019-01-21,3576.032470703125,,,,
2019-01-22,3604.5771484375,52.56999969482422,1282.5,2632.89990234375,20.799999237060547
2019-01-23,3585.123046875,52.619998931884766,1283.0999755859375,2638.699951171875,19.520000457763672
2019-01-24,3600.865478515625,53.130001068115234,1279.0999755859375,2642.330078125,18.889999389648438
2019-01-25,3599.765869140625,53.689998626708984,1297.4000244140625,2664.760009765625,17.420000076293945
2019-01-26,3602.46044921875,,,,
2019-01-27,3583.9658203125,,,,
2019-01-28,3470.450439453125,51.9900016784668,1302.4000244140625,2643.85009765625,18.8700008392334
2019-01-29,3448.116943359375,53.310001373291016,1308.199951171875,2640.0,19.1299991607666
2019-01-30,3486.181640625,54.22999954223633,1309.9000244140625,2681.050048828125,17.65999984741211
2019-01-31,3457.792724609375,53.790000915527344,1319.699951171875,2704.10009765625,16.56999969482422
2019-02-01,3487.9453125,55.2599983215332,1316.9000244140625,2706.530029296875,16.139999389648438
2019-02-02,3521.060791015625,,,,
2019-02-03,3464.013427734375,,,,
2019-02-04,3459.154052734375,54.560001373291016,1314.300048828125,2724.8701171875,15.729999542236328
2019-02-05,3466.357421875,53.65999984741211,1314.199951171875,2737.699951171875,15.569999694824219
2019-02-06,3413.767822265625,54.0099983215332,1309.5,2731.610107421875,15.380000114440918
2019-02-07,3399.4716796875,52.63999938964844,1309.4000244140625,2706.050048828125,16.3700008392334
2019-02-08,3666.7802734375,52.720001220703125,1313.699951171875,2707.8798828125,15.720000267028809
2019-02-09,3671.20361328125,,,,
2019-02-10,3690.188232421875,,,,
2019-02-11,3648.4306640625,52.40999984741211,1307.0,2709.800048828125,15.970000267028809
2019-02-12,3653.528564453125,53.099998474121094,1309.199951171875,2744.72998046875,15.430000305175781
2019-02-13,3632.070556640625,53.900001525878906,1310.800048828125,2753.030029296875,15.649999618530273
2019-02-14,3616.880859375,54.40999984741211,1309.800048828125,2745.72998046875,16.219999313354492
2019-02-15,3620.810791015625,55.59000015258789,1318.0999755859375,2775.60009765625,14.90999984741211
2019-02-16,3629.78759765625,,,,
2019-02-17,3673.836181640625,,,,
2019-02-18,3915.71435546875,,,,
2019-02-19,3947.094482421875,56.09000015258789,1340.0999755859375,2779.760009765625,14.880000114440918
2019-02-20,3999.820556640625,56.91999816894531,1343.300048828125,2784.699951171875,14.020000457763672
2019-02-21,3954.1181640625,56.959999084472656,1323.5,2774.8798828125,14.460000038146973
2019-02-22,4005.526611328125,57.2599983215332,1329.199951171875,2792.669921875,13.510000228881836
2019-02-23,4142.52685546875,,,,
2019-02-24,3810.427490234375,,,,
2019-02-25,3882.6962890625,55.47999954223633,1325.9000244140625,2796.110107421875,14.850000381469727
2019-02-26,3854.35791015625,55.5,1325.0999755859375,2793.89990234375,15.170000076293945
2019-02-27,3851.04736328125,56.939998626708984,1317.699951171875,2792.3798828125,14.699999809265137
2019-02-28,3854.785400390625,57.220001220703125,1312.800048828125,2784.489990234375,14.779999732971191
2019-03-01,3859.583740234375,55.79999923706055,1296.4000244140625,2803.68994140625,13.569999694824219
2019-03-02,3864.4150390625,,,,
2019-03-03,3847.17578125,,,,
2019-03-04,3761.55712890625,56.59000015258789,1284.800048828125,2792.81005859375,14.630000114440918
2019-03-05,3896.375,56.560001373291016,1282.0,2789.64990234375,14.739999771118164
2019-03-06,3903.942626953125,56.220001220703125,1284.9000244140625,2771.449951171875,15.739999771118164
2019-03-07,3911.484375,56.65999984741211,1283.800048828125,2748.929931640625,16.59000015258789
2019-03-08,3901.131591796875,56.06999969482422,1297.0,2743.070068359375,16.049999237060547
2019-03-09,3963.313720703125,,,,
2019-03-10,3951.599853515625,,,,
2019-03-11,3905.227294921875,56.790000915527344,1288.800048828125,2783.300048828125,14.329999923706055
2019-03-12,3909.15625,56.869998931884766,1296.300048828125,2791.52001953125,13.770000457763672
2019-03-13,3906.71728515625,58.2599983215332,1307.5,2810.919921875,13.40999984741211
2019-03-14,3924.369140625,58.61000061035156,1293.4000244140625,2808.47998046875,13.5
2019-03-15,3960.9111328125,58.52000045776367,1301.800048828125,2822.47998046875,12.880000114440918
2019-03-16,4048.725830078125,,,,
2019-03-17,4025.22900390625,,,,
2019-03-18,4032.50732421875,59.09000015258789,1300.300048828125,2832.93994140625,13.100000381469727
2019-03-19,4071.190185546875,59.029998779296875,1305.0,2832.570068359375,13.5600004196167
2019-03-20,4087.476318359375,59.83000183105469,1300.5,2824.22998046875,13.90999984741211
2019-03-21,4029.326904296875,59.97999954223633,1306.0999755859375,2854.8798828125,13.630000114440918
2019-03-22,4023.96826171875,59.040000915527344,1311.5999755859375,2800.7099609375,16.479999542236328
2019-03-23,4035.826416015625,,,,
2019-03-24,4022.168212890625,,,,
2019-03-25,3963.070556640625,58.81999969482422,1321.9000244140625,2798.360107421875,16.329999923706055
2019-03-26,3985.080810546875,59.939998626708984,1314.300048828125,2818.4599609375,14.680000305175781
2019-03-27,4087.066162109375,59.40999984741211,1309.9000244140625,2805.3701171875,15.149999618530273
2019-03-28,4069.107177734375,59.29999923706055,1289.800048828125,2815.43994140625,14.430000305175781
2019-03-29,4098.37451171875,60.13999938964844,1293.0,2834.39990234375,13.710000038146973
2019-03-30,4106.66015625,,,,
2019-03-31,4105.404296875,,,,
2019-04-01,4158.18310546875,61.59000015258789,1288.4000244140625,2867.18994140625,13.399999618530273
2019-04-02,4879.8779296875,62.58000183105469,1290.0,2867.239990234375,13.359999656677246
2019-04-03,4973.02197265625,62.459999084472656,1289.9000244140625,2873.39990234375,13.739999771118164
2019-04-04,4922.798828125,62.099998474121094,1289.0,2879.389892578125,13.579999923706055
2019-04-05,5036.68115234375,63.08000183105469,1290.4000244140625,2892.739990234375,12.819999694824219
2019-04-06,5059.8173828125,,,,
2019-04-07,5198.89697265625,,,,
2019-04-08,5289.77099609375,64.4000015258789,1297.0999755859375,2895.77001953125,13.180000305175781
2019-04-09,5204.95849609375,63.97999954223633,1303.5,2878.199951171875,14.279999732971191
2019-04-10,5324.5517578125,64.61000061035156,1309.0999755859375,2888.2099609375,13.300000190734863
2019-04-11,5064.48779296875,63.58000183105469,1288.5999755859375,2888.320068359375,13.020000457763672
2019-04-12,5089.5390625,63.88999938964844,1290.5999755859375,2907.409912109375,12.010000228881836
2019-04-13,5096.58642578125,,,,
2019-04-14,5167.72216796875,,,,
2019-04-15,5067.1083984375,63.400001525878906,1286.800048828125,2905.580078125,12.319999694824219
2019-04-16,5235.5595703125,64.05000305175781,1272.5999755859375,2907.06005859375,12.180000305175781
2019-04-17,5251.93798828125,63.7599983215332,1272.199951171875,2900.449951171875,12.600000381469727
2019-04-18,5298.3857421875,64.0,1271.9000244140625,2905.030029296875,12.09000015258789
2019-04-19,5303.8125,,,,
2019-04-20,5337.88623046875,,,,
2019-04-21,5314.53125,,,,
2019-04-22,5399.365234375,65.69999694824219,1273.5,2907.969970703125,12.420000076293945
2019-04-23,5572.3623046875,66.30000305175781,1269.300048828125,2933.679931640625,12.279999732971191
2019-04-24,5464.86669921875,65.88999938964844,1275.5,2927.25,13.140000343322754
2019-04-25,5210.515625,65.20999908447266,1275.800048828125,2926.169921875,13.25
2019-04-26,5279.34814453125,63.29999923706055,1284.9000244140625,2939.8798828125,12.729999542236328
2019-04-27,5268.291015625,,,,
2019-04-28,5285.13916015625,,,,
2019-04-29,5247.3525390625,63.5,1278.5999755859375,2943.030029296875,13.109999656677246
2019-04-30,5350.7265625,63.90999984741211,1282.800048828125,2945.830078125,13.119999885559082
2019-05-01,5402.697265625,63.599998474121094,1281.4000244140625,2923.72998046875,14.800000190734863
2019-05-02,5505.28369140625,61.810001373291016,1269.699951171875,2917.52001953125,14.420000076293945
2019-05-03,5768.28955078125,61.939998626708984,1279.199951171875,2945.639892578125,12.869999885559082
2019-05-04,5831.16748046875,,,,
2019-05-05,5795.70849609375,,,,
2019-05-06,5746.80712890625,62.25,1281.699951171875,2932.469970703125,15.4399995803833
2019-05-07,5829.50146484375,61.400001525878906,1283.5,2884.050048828125,19.31999969482422
2019-05-08,5982.45751953125,62.119998931884766,1279.4000244140625,2879.419921875,19.399999618530273
2019-05-09,6174.52880859375,61.70000076293945,1283.5,2870.719970703125,19.100000381469727
2019-05-10,6378.84912109375,61.65999984741211,1285.699951171875,2881.39990234375,16.040000915527344
2019-05-11,7204.771484375,,,,
2019-05-12,6972.37158203125,,,,
2019-05-13,7814.9150390625,61.040000915527344,1300.0999755859375,2811.8701171875,20.549999237060547
2019-05-14,7994.416015625,61.779998779296875,1294.699951171875,2834.409912109375,18.059999465942383
2019-05-15,8205.16796875,62.02000045776367,1296.300048828125,2850.9599609375,16.440000534057617
2019-05-16,7884.9091796875,62.869998931884766,1285.0,2876.320068359375,15.289999961853027
2019-05-17,7343.8955078125,62.7599983215332,1274.5,2859.530029296875,15.960000038146973
2019-05-18,7271.2080078125,,,,
2019-05-19,8197.689453125,,,,
2019-05-20,7978.30908203125,63.099998474121094,1276.0999755859375,2840.22998046875,16.309999465942383
2019-05-21,7963.32763671875,62.9900016784668,1272.0,2864.360107421875,14.949999809265137
2019-05-22,7680.06640625,61.41999816894531,1273.5999755859375,2856.27001953125,14.75
2019-05-23,7881.8466796875,57.90999984741211,1284.800048828125,2822.239990234375,16.920000076293945
2019-05-24,7987.37158203125,58.630001068115234,1283.0,2826.06005859375,15.850000381469727
2019-05-25,8052.5439453125,,,,
2019-05-26,8673.2158203125,,,,
2019-05-27,8805.7783203125,,,,
2019-05-28,8719.9619140625,59.13999938964844,1276.5,2802.389892578125,17.5
2019-05-29,8659.4873046875,58.810001373291016,1280.5999755859375,2783.02001953125,17.899999618530273
2019-05-30,8319.47265625,56.59000015258789,1287.0999755859375,2788.860107421875,17.299999237060547
2019-05-31,8574.501953125,53.5,1305.800048828125,2752.06005859375,18.709999084472656
2019-06-01,8564.0166015625,,,,
2019-06-02,8742.9580078125,,,,
2019-06-03,8208.9951171875,53.25,1322.699951171875,2744.449951171875,18.860000610351562
2019-06-04,7707.77099609375,53.47999954223633,1323.4000244140625,2803.27001953125,16.969999313354492
2019-06-05,7824.2314453125,51.68000030517578,1328.300048828125,2826.14990234375,16.09000015258789
2019-06-06,7822.0234375,52.59000015258789,1337.5999755859375,2843.489990234375,15.930000305175781
2019-06-07,8043.951171875,53.9900016784668,1341.199951171875,2873.340087890625,16.299999237060547
2019-06-08,7954.1279296875,,,,
2019-06-09,7688.0771484375,,,,
2019-06-10,8000.32958984375,53.2599983215332,1324.699951171875,2886.72998046875,15.9399995803833
2019-06-11,7927.71435546875,53.27000045776367,1326.4000244140625,2885.719970703125,15.989999771118164
2019-06-12,8145.857421875,51.13999938964844,1331.9000244140625,2879.840087890625,15.90999984741211
2019-06-13,8230.923828125,52.279998779296875,1339.199951171875,2891.639892578125,15.819999694824219
2019-06-14,8693.8330078125,52.5099983215332,1340.0999755859375,2886.97998046875,15.279999732971191
2019-06-15,8838.375,,,,
2019-06-16,8994.48828125,,,,
2019-06-17,9320.3525390625,51.93000030517578,1338.699951171875,2889.669921875,15.350000381469727
2019-06-18,9081.7626953125,53.900001525878906,1346.5999755859375,2917.75,15.149999618530273
2019-06-19,9273.521484375,53.7599983215332,1344.5999755859375,2926.4599609375,14.329999923706055
2019-06-20,9527.16015625,56.650001525878906,1392.9000244140625,2954.179931640625,14.75
2019-06-21,10144.556640625,57.43000030517578,1396.199951171875,2950.4599609375,15.399999618530273
2019-06-22,10701.69140625,,,,
2019-06-23,10855.37109375,,,,
2019-06-24,11011.1025390625,57.900001525878906,1414.300048828125,2945.35009765625,15.260000228881836
2019-06-25,11790.9169921875,57.83000183105469,1414.9000244140625,2917.3798828125,16.280000686645508
2019-06-26,13016.2314453125,59.380001068115234,1411.5999755859375,2913.780029296875,16.209999084472656
2019-06-27,11182.806640625,59.43000030517578,1408.4000244140625,2924.919921875,15.819999694824219
2019-06-28,12407.33203125,58.470001220703125,1409.699951171875,2941.760009765625,15.079999923706055
2019-06-29,11959.37109375,,,,
2019-06-30,10817.1552734375,,,,
2019-07-01,10583.134765625,59.09000015258789,1385.5999755859375,2964.330078125,14.0600004196167
2019-07-02,10801.677734375,56.25,1404.5999755859375,2973.010009765625,12.930000305175781
2019-07-03,11961.26953125,57.34000015258789,1417.699951171875,2995.820068359375,12.569999694824219
2019-07-04,11215.4375,,,,
2019-07-05,10978.4599609375,57.5099983215332,1396.699951171875,2990.409912109375,13.279999732971191
2019-07-06,11208.55078125,,,,
2019-07-07,11450.8466796875,,,,
2019-07-08,12285.9580078125,57.65999984741211,1397.0,2975.949951171875,13.960000038146973
2019-07-09,12573.8125,57.83000183105469,1397.5,2979.6298828125,14.09000015258789
2019-07-10,12156.5126953125,60.43000030517578,1410.0999755859375,2993.070068359375,13.029999732971191
2019-07-11,11358.662109375,60.20000076293945,1404.300048828125,2999.909912109375,12.930000305175781
2019-07-12,11815.986328125,60.209999084472656,1409.9000244140625,3013.77001953125,12.390000343322754
2019-07-13,11392.37890625,,,,
2019-07-14,10256.05859375,,,,
2019-07-15,10895.08984375,59.58000183105469,1411.4000244140625,3014.300048828125,12.680000305175781
2019-07-16,9477.6416015625,57.619998931884766,1409.199951171875,3004.0400390625,12.859999656677246
2019-07-17,9693.802734375,56.779998779296875,1421.300048828125,2984.419921875,13.970000267028809
2019-07-18,10666.482421875,55.29999923706055,1426.0999755859375,2995.110107421875,13.529999732971191
2019-07-19,10530.732421875,55.630001068115234,1425.0999755859375,2976.610107421875,14.449999809265137
2019-07-20,10767.1396484375,,,,
2019-07-21,10599.10546875,,,,
2019-07-22,10343.1064453125,56.220001220703125,1425.300048828125,2985.030029296875,13.529999732971191
2019-07-23,9900.767578125,56.77000045776367,1420.0999755859375,3005.469970703125,12.609999656677246
2019-07-24,9811.92578125,55.880001068115234,1422.800048828125,3019.56005859375,12.069999694824219
2019-07-25,9911.841796875,56.02000045776367,1413.9000244140625,3003.669921875,12.739999771118164
2019-07-26,9870.3037109375,56.20000076293945,1418.5,3025.860107421875,12.15999984741211
2019-07-27,9477.677734375,,,,
2019-07-28,9552.8603515625,,,,
2019-07-29,9519.1455078125,56.869998931884766,1419.5999755859375,3020.969970703125,12.829999923706055
2019-07-30,9607.423828125,58.04999923706055,1429.699951171875,3013.179931640625,13.9399995803833
2019-07-31,10085.6279296875,58.58000183105469,1426.0999755859375,2980.3798828125,16.1200008392334
2019-08-01,10399.6689453125,53.95000076293945,1420.9000244140625,2953.56005859375,17.8700008392334
2019-08-02,10518.1748046875,55.65999984741211,1445.5999755859375,2932.050048828125,17.610000610351562
2019-08-03,10821.7265625,,,,
2019-08-04,10970.1845703125,,,,
2019-08-05,11805.6533203125,54.689998626708984,1464.5999755859375,2844.739990234375,24.59000015258789
2019-08-06,11478.1689453125,53.630001068115234,1472.4000244140625,2881.77001953125,20.170000076293945
2019-08-07,11941.96875,51.09000015258789,1507.300048828125,2883.97998046875,19.489999771118164
2019-08-08,11966.4072265625,52.540000915527344,1497.699951171875,2938.090087890625,16.90999984741211
2019-08-09,11862.9365234375,54.5,1496.5999755859375,2918.64990234375,17.969999313354492
2019-08-10,11354.0244140625,,,,
2019-08-11,11523.5791015625,,,,
2019-08-12,11382.6162109375,54.93000030517578,1505.300048828125,2882.699951171875,21.09000015258789
2019-08-13,10895.830078125,57.099998474121094,1502.199951171875,2926.320068359375,17.520000457763672
2019-08-14,10051.7041015625,55.22999954223633,1515.9000244140625,2840.60009765625,22.100000381469727
2019-08-15,10311.5458984375,54.470001220703125,1519.5999755859375,2847.60009765625,21.18000030517578
2019-08-16,10374.3388671875,54.869998931884766,1512.5,2888.679931640625,18.469999313354492
2019-08-17,10231.744140625,,,,
2019-08-18,10345.810546875,,,,
2019-08-19,10916.0537109375,56.209999084472656,1500.4000244140625,2923.64990234375,16.8799991607666
2019-08-20,10763.232421875,56.34000015258789,1504.5999755859375,2900.510009765625,17.5
2019-08-21,10138.0498046875,55.68000030517578,1504.5999755859375,2924.429931640625,15.800000190734863
2019-08-22,10131.0556640625,55.349998474121094,1497.300048828125,2922.949951171875,16.68000030517578
2019-08-23,10407.96484375,54.16999816894531,1526.5999755859375,2847.110107421875,19.8700008392334
2019-08-24,10159.9609375,,,,
2019-08-25,10138.517578125,,,,
2019-08-26,10370.8203125,53.63999938964844,1526.300048828125,2878.3798828125,19.31999969482422
2019-08-27,10185.5,54.93000030517578,1541.0,2869.159912109375,20.309999465942383
2019-08-28,9754.4228515625,55.779998779296875,1537.800048828125,2887.93994140625,19.350000381469727
2019-08-29,9510.2001953125,56.709999084472656,1526.5,2924.580078125,17.8799991607666
2019-08-30,9598.173828125,55.099998474121094,1519.0999755859375,2926.4599609375,18.979999542236328
2019-08-31,9630.6640625,,,,
2019-09-01,9757.970703125,,,,
2019-09-02,10346.7607421875,,,,
2019-09-03,10623.5400390625,53.939998626708984,1545.9000244140625,2906.27001953125,19.65999984741211
2019-09-04,10594.4931640625,56.2599983215332,1550.300048828125,2937.780029296875,17.329999923706055
2019-09-05,10575.533203125,56.29999923706055,1515.4000244140625,2976.0,16.270000457763672
2019-09-06,10353.302734375,56.52000045776367,1506.199951171875,2978.7099609375,15.0
2019-09-07,10517.2548828125,,,,
2019-09-08,10441.2763671875,,,,
2019-09-09,10334.974609375,57.849998474121094,1502.199951171875,2978.429931640625,15.270000457763672
2019-09-10,10115.9755859375,57.400001525878906,1490.300048828125,2979.389892578125,15.199999809265137
2019-09-11,10178.3720703125,55.75,1494.4000244140625,3000.929931640625,14.609999656677246
2019-09-12,10410.126953125,55.09000015258789,1498.699951171875,3009.570068359375,14.220000267028809
2019-09-13,10360.546875,54.849998474121094,1490.9000244140625,3007.389892578125,13.739999771118164
2019-09-14,10358.048828125,,,,
2019-09-15,10347.712890625,,,,
2019-09-16,10276.7939453125,62.900001525878906,1503.0999755859375,2997.9599609375,14.670000076293945
2019-09-17,10241.2724609375,59.34000015258789,1505.0999755859375,3005.699951171875,14.4399995803833
2019-09-18,10198.248046875,58.11000061035156,1507.5,3006.72998046875,13.949999809265137
2019-09-19,10266.4150390625,58.130001068115234,1498.4000244140625,3006.7900390625,14.050000190734863
2019-09-20,10181.6416015625,58.09000015258789,1507.300048828125,2992.070068359375,15.319999694824219
2019-09-21,10019.716796875,,,,
2019-09-22,10070.392578125,,,,
2019-09-23,9729.32421875,58.63999938964844,1523.699951171875,2991.780029296875,14.90999984741211
2019-09-24,8620.56640625,57.290000915527344,1532.0999755859375,2966.60009765625,17.049999237060547
2019-09-25,8486.9931640625,56.4900016784668,1504.5999755859375,2984.8701171875,15.960000038146973
2019-09-26,8118.9677734375,56.40999984741211,1507.5,2977.6201171875,16.06999969482422
2019-09-27,8251.845703125,55.90999984741211,1499.0999755859375,2961.7900390625,17.219999313354492
2019-09-28,8245.9150390625,,,,
2019-09-29,8104.185546875,,,,
2019-09-30,8293.8681640625,54.06999969482422,1465.699951171875,2976.739990234375,16.239999771118164
2019-10-01,8343.2763671875,53.619998931884766,1482.0,2940.25,18.559999465942383
2019-10-02,8393.0419921875,52.63999938964844,1501.0,2887.610107421875,20.559999465942383
2019-10-03,8259.9921875,52.45000076293945,1507.0999755859375,2910.6298828125,19.1200008392334
2019-10-04,8205.939453125,52.810001373291016,1506.199951171875,2952.010009765625,17.040000915527344
2019-10-05,8151.50048828125,,,,
2019-10-06,7988.15576171875,,,,
2019-10-07,8245.623046875,52.75,1497.699951171875,2938.7900390625,17.860000610351562
2019-10-08,8228.783203125,52.630001068115234,1497.199951171875,2893.06005859375,20.280000686645508
2019-10-09,8595.740234375,52.59000015258789,1506.0999755859375,2919.39990234375,18.639999389648438
2019-10-10,8586.4736328125,53.54999923706055,1494.800048828125,2938.1298828125,17.56999969482422
2019-10-11,8321.7568359375,54.70000076293945,1482.699951171875,2970.27001953125,15.579999923706055
2019-10-12,8336.5556640625,,,,
2019-10-13,8321.005859375,,,,
2019-10-14,8374.6865234375,53.59000015258789,1491.699951171875,2966.14990234375,14.569999694824219
2019-10-15,8205.369140625,52.810001373291016,1477.5999755859375,2995.679931640625,13.539999961853027
2019-10-16,8047.52685546875,53.36000061035156,1488.0,2989.68994140625,13.680000305175781
2019-10-17,8103.9111328125,53.93000030517578,1492.300048828125,2997.949951171875,13.789999961853027
2019-10-18,7973.20751953125,53.779998779296875,1488.199951171875,2986.199951171875,14.25
2019-10-19,7988.560546875,,,,
2019-10-20,8222.078125,,,,
2019-10-21,8243.720703125,53.310001373291016,1482.4000244140625,3006.719970703125,14.0
2019-10-22,8078.203125,54.15999984741211,1481.699951171875,2995.989990234375,14.460000038146973
2019-10-23,7514.671875,55.970001220703125,1489.9000244140625,3004.52001953125,14.010000228881836
2019-10-24,7493.48876953125,56.22999954223633,1498.9000244140625,3010.2900390625,13.710000038146973
2019-10-25,8660.7001953125,56.65999984741211,1499.5,3022.550048828125,12.649999618530273
2019-10-26,9244.97265625,,,,
2019-10-27,9551.71484375,,,,
2019-10-28,9256.1484375,55.810001373291016,1490.0,3039.419921875,13.109999656677246
2019-10-29,9427.6875,55.540000915527344,1487.0,3036.889892578125,13.199999809265137
2019-10-30,9205.7265625,55.060001373291016,1493.199951171875,3046.77001953125,12.329999923706055
2019-10-31,9199.5849609375,54.18000030517578,1511.4000244140625,3037.56005859375,13.220000267028809
2019-11-01,9261.1044921875,56.20000076293945,1508.0,3066.909912109375,12.300000190734863
2019-11-02,9324.7177734375,,,,
2019-11-03,9235.3544921875,,,,
2019-11-04,9412.6123046875,56.540000915527344,1508.0,3078.27001953125,12.829999923706055
2019-11-05,9342.52734375,57.22999954223633,1480.800048828125,3074.6201171875,13.100000381469727
2019-11-06,9360.8798828125,56.349998474121094,1490.199951171875,3076.780029296875,12.619999885559082
2019-11-07,9267.5615234375,57.150001525878906,1464.199951171875,3085.179931640625,12.729999542236328
2019-11-08,8804.880859375,57.2400016784668,1461.300048828125,3093.080078125,12.069999694824219
2019-11-09,8813.58203125,,,,
2019-11-10,9055.5263671875,,,,
2019-11-11,8757.7880859375,56.86000061035156,1455.5,3087.010009765625,12.6899995803833
2019-11-12,8815.662109375,56.79999923706055,1452.0999755859375,3091.840087890625,12.680000305175781
2019-11-13,8808.2626953125,57.119998931884766,1461.699951171875,3094.0400390625,13.0
2019-11-14,8708.0947265625,56.77000045776367,1471.800048828125,3096.6298828125,13.050000190734863
2019-11-15,8491.9921875,57.720001220703125,1467.300048828125,3120.4599609375,12.050000190734863
2019-11-16,8550.7607421875,,,,
2019-11-17,8577.9755859375,,,,
2019-11-18,8309.2861328125,57.04999923706055,1470.9000244140625,3122.030029296875,12.460000038146973
2019-11-19,8206.1455078125,55.209999084472656,1473.300048828125,3120.179931640625,12.859999656677246
2019-11-20,8027.26806640625,57.11000061035156,1473.300048828125,3108.4599609375,12.779999732971191
2019-11-21,7642.75,58.58000183105469,1463.0999755859375,3103.5400390625,13.130000114440918
2019-11-22,7296.57763671875,57.77000045776367,1463.0999755859375,3110.2900390625,12.34000015258789
2019-11-23,7397.796875,,,,
2019-11-24,7047.9169921875,,,,
2019-11-25,7146.1337890625,58.0099983215332,1456.5999755859375,3133.639892578125,11.869999885559082
2019-11-26,7218.37109375,58.40999984741211,1459.800048828125,3140.52001953125,11.539999961853027
2019-11-27,7531.66357421875,58.11000061035156,1453.4000244140625,3153.6298828125,11.75
2019-11-28,7463.10595703125,,,,
2019-11-29,7761.24365234375,55.16999816894531,1465.5999755859375,3140.97998046875,12.619999885559082
2019-11-30,7569.6298828125,,,,
2019-12-01,7424.29248046875,,,,
2019-12-02,7321.98828125,55.959999084472656,1462.300048828125,3113.8701171875,14.90999984741211
2019-12-03,7320.1455078125,56.099998474121094,1478.199951171875,3093.199951171875,15.960000038146973
2019-12-04,7252.03466796875,58.43000030517578,1474.0,3112.760009765625,14.800000190734863
2019-12-05,7448.3076171875,58.43000030517578,1476.9000244140625,3117.429931640625,14.520000457763672
2019-12-06,7546.99658203125,59.20000076293945,1459.0999755859375,3145.909912109375,13.619999885559082
2019-12-07,7556.23779296875,,,,
2019-12-08,7564.34521484375,,,,
2019-12-09,7400.8994140625,59.02000045776367,1459.300048828125,3135.9599609375,15.859999656677246
2019-12-10,7278.11962890625,59.2400016784668,1462.5999755859375,3132.52001953125,15.680000305175781
2019-12-11,7217.42724609375,58.7599983215332,1469.4000244140625,3141.6298828125,14.989999771118164
2019-12-12,7243.13427734375,59.18000030517578,1466.699951171875,3168.570068359375,13.9399995803833
2019-12-13,7269.6845703125,60.06999969482422,1475.5999755859375,3168.800048828125,12.630000114440918
2019-12-14,7124.673828125,,,,
2019-12-15,7152.3017578125,,,,
2019-12-16,6932.48046875,60.209999084472656,1475.0,3191.449951171875,12.140000343322754
2019-12-17,6640.51513671875,60.939998626708984,1474.5999755859375,3192.52001953125,12.289999961853027
2019-12-18,7276.802734375,60.93000030517578,1472.5999755859375,3191.139892578125,12.579999923706055
2019-12-19,7202.84423828125,61.220001220703125,1478.199951171875,3205.3701171875,12.5
2019-12-20,7218.81640625,60.439998626708984,1474.699951171875,3221.219970703125,12.510000228881836
2019-12-21,7191.15869140625,,,,
2019-12-22,7511.5888671875,,,,
2019-12-23,7355.62841796875,60.52000045776367,1482.5,3224.010009765625,12.609999656677246
2019-12-24,7322.5322265625,61.11000061035156,1499.0999755859375,3223.3798828125,12.670000076293945
2019-12-25,7275.15576171875,,,,
2019-12-26,7238.966796875,61.68000030517578,1509.300048828125,3239.909912109375,12.649999618530273
2019-12-27,7290.08837890625,61.720001220703125,1513.800048828125,3240.02001953125,13.430000305175781
2019-12-28,7317.990234375,,,,
2019-12-29,7422.65283203125,,,,
2019-12-30,7292.9951171875,61.68000030517578,1514.5,3221.2900390625,14.819999694824219
2019-12-31,7193.59912109375,61.060001373291016,1519.5,3230.780029296875,13.779999732971191
2020-01-01,7200.17431640625,,,,
2020-01-02,6985.47021484375,61.18000030517578,1524.5,3257.85009765625,12.470000267028809
2020-01-03,7344.88427734375,63.04999923706055,1549.199951171875,3234.85009765625,14.020000457763672
2020-01-04,7410.65673828125,,,,
2020-01-05,7411.3173828125,,,,
2020-01-06,7769.21923828125,63.27000045776367,1566.199951171875,3246.280029296875,13.850000381469727
2020-01-07,8163.6923828125,62.70000076293945,1571.800048828125,3237.179931640625,13.789999961853027
2020-01-08,8079.86279296875,59.61000061035156,1557.4000244140625,3253.050048828125,13.449999809265137
2020-01-09,7879.0712890625,59.560001373291016,1551.699951171875,3274.699951171875,12.539999961853027
2020-01-10,8166.55419921875,59.040000915527344,1557.5,3265.35009765625,12.5600004196167
2020-01-11,8037.53759765625,,,,
2020-01-12,8192.494140625,,,,
2020-01-13,8144.1943359375,58.08000183105469,1548.4000244140625,3288.1298828125,12.319999694824219
2020-01-14,8827.7646484375,58.22999954223633,1542.4000244140625,3283.14990234375,12.390000343322754
2020-01-15,8807.0107421875,57.810001373291016,1552.0999755859375,3289.2900390625,12.420000076293945
2020-01-16,8723.7861328125,58.52000045776367,1549.0,3316.81005859375,12.319999694824219
2020-01-17,8929.0380859375,58.540000915527344,1558.800048828125,3329.6201171875,12.100000381469727
2020-01-18,8942.80859375,,,,
2020-01-19,8706.2451171875,,,,
2020-01-20,8657.642578125,,,,
2020-01-21,8745.89453125,58.34000015258789,1556.4000244140625,3320.7900390625,12.850000381469727
2020-01-22,8680.8759765625,56.7400016784668,1555.300048828125,3321.75,12.90999984741211
2020-01-23,8406.515625,55.59000015258789,1564.5999755859375,3325.5400390625,12.979999542236328
2020-01-24,8445.4345703125,54.189998626708984,1571.0999755859375,3295.469970703125,14.5600004196167
2020-01-25,8367.84765625,,,,
2020-01-26,8596.830078125,,,,
2020-01-27,8909.8193359375,53.13999938964844,1576.800048828125,3243.6298828125,18.229999542236328
2020-01-28,9358.58984375,53.47999954223633,1569.199951171875,3276.239990234375,16.280000686645508
2020-01-29,9316.6298828125,53.33000183105469,1569.800048828125,3273.39990234375,16.389999389648438
2020-01-30,9508.9931640625,52.13999938964844,1583.5,3283.659912109375,15.489999771118164
2020-01-31,9350.529296875,51.560001373291016,1582.9000244140625,3225.52001953125,18.84000015258789
2020-02-01,9392.875,,,,
2020-02-02,9344.365234375,,,,
2020-02-03,9293.521484375,50.11000061035156,1577.199951171875,3248.919921875,17.969999313354492
2020-02-04,9180.962890625,49.61000061035156,1550.4000244140625,3297.590087890625,16.049999237060547
2020-02-05,9613.423828125,50.75,1557.800048828125,3334.68994140625,15.149999618530273
2020-02-06,9729.8017578125,50.95000076293945,1565.0999755859375,3345.780029296875,14.960000038146973
2020-02-07,9795.943359375,50.31999969482422,1568.5999755859375,3327.7099609375,15.470000267028809
2020-02-08,9865.119140625,,,,
2020-02-09,10116.673828125,,,,
2020-02-10,9856.611328125,49.56999969482422,1574.699951171875,3352.090087890625,15.039999961853027
2020-02-11,10208.236328125,49.939998626708984,1565.5999755859375,3357.75,15.180000305175781
2020-02-12,10326.0546875,51.16999816894531,1567.4000244140625,3379.449951171875,13.739999771118164
2020-02-13,10214.3798828125,51.41999816894531,1575.0999755859375,3373.93994140625,14.149999618530273
2020-02-14,10312.1162109375,52.04999923706055,1582.699951171875,3380.159912109375,13.680000305175781
2020-02-15,9889.4248046875,,,,
2020-02-16,9934.43359375,,,,
2020-02-17,9690.142578125,,,,
2020-02-18,10141.99609375,52.04999923706055,1600.0,3370.2900390625,14.829999923706055
2020-02-19,9633.38671875,53.290000915527344,1607.5,3386.14990234375,14.380000114440918
2020-02-20,9608.4755859375,53.779998779296875,1616.5999755859375,3373.22998046875,15.5600004196167
2020-02-21,9686.44140625,53.380001068115234,1644.5999755859375,3337.75,17.079999923706055
2020-02-22,9663.181640625,,,,
2020-02-23,9924.515625,,,,
2020-02-24,9650.1748046875,51.43000030517578,1672.4000244140625,3225.889892578125,25.030000686645508
2020-02-25,9341.705078125,49.900001525878906,1646.9000244140625,3128.2099609375,27.850000381469727
2020-02-26,8820.5224609375,48.72999954223633,1640.0,3116.389892578125,27.559999465942383
2020-02-27,8784.494140625,47.09000015258789,1640.0,2978.760009765625,39.15999984741211
2020-02-28,8672.455078125,44.7599983215332,1564.0999755859375,2954.219970703125,40.11000061035156
2020-02-29,8599.5087890625,,,,
2020-03-01,8562.4541015625,,,,
2020-03-02,8869.669921875,46.75,1592.300048828125,3090.22998046875,33.41999816894531
2020-03-03,8787.7861328125,47.18000030517578,1642.0999755859375,3003.3701171875,36.81999969482422
2020-03-04,8755.24609375,46.779998779296875,1641.0999755859375,3130.1201171875,31.989999771118164
2020-03-05,9078.7626953125,45.900001525878906,1666.4000244140625,3023.93994140625,39.619998931884766
2020-03-06,9122.5458984375,41.279998779296875,1670.800048828125,2972.3701171875,41.939998626708984
2020-03-07,8909.9541015625,,,,
2020-03-08,8108.1162109375,,,,
2020-03-09,7923.64453125,31.1299991607666,1674.5,2746.56005859375,54.459999084472656
2020-03-10,7909.7294921875,34.36000061035156,1659.0999755859375,2882.22998046875,47.29999923706055
2020-03-11,7911.43017578125,32.97999954223633,1641.4000244140625,2741.3798828125,53.900001525878906
2020-03-12,4970.7880859375,31.5,1589.300048828125,2480.639892578125,75.47000122070312
2020-03-13,5563.70703125,31.729999542236328,1515.699951171875,2711.02001953125,57.83000183105469
2020-03-14,5200.3662109375,,,,
2020-03-15,5392.31494140625,,,,
2020-03-16,5014.47998046875,28.700000762939453,1485.9000244140625,2386.1298828125,82.69000244140625
2020-03-17,5225.62939453125,26.950000762939453,1524.9000244140625,2529.18994140625,75.91000366210938
2020-03-18,5238.4384765625,20.3700008392334,1477.300048828125,2398.10009765625,76.44999694824219
2020-03-19,6191.19287109375,25.219999313354492,1478.5999755859375,2409.389892578125,72.0
2020-03-20,6198.7783203125,22.43000030517578,1484.0,2304.919921875,66.04000091552734
2020-03-21,6185.06640625,,,,
2020-03-22,5830.2548828125,,,,
2020-03-23,6416.31494140625,23.360000610351562,1567.0,2237.39990234375,61.59000015258789
2020-03-24,6734.8037109375,24.010000228881836,1660.199951171875,2447.330078125,61.66999816894531
2020-03-25,6681.06298828125,24.489999771118164,1632.300048828125,2475.56005859375,63.95000076293945
2020-03-26,6716.4404296875,22.600000381469727,1650.0999755859375,2630.070068359375,61.0
2020-03-27,6469.79833984375,21.510000228881836,1623.9000244140625,2541.469970703125,65.54000091552734
2020-03-28,6242.19384765625,,,,
2020-03-29,5922.04296875,,,,
2020-03-30,6429.841796875,20.09000015258789,1622.0,2626.64990234375,57.08000183105469
2020-03-31,6438.64453125,20.479999542236328,1583.4000244140625,2584.590087890625,53.540000915527344
2020-04-01,6606.7763671875,20.309999465942383,1578.199951171875,2470.5,57.060001373291016
2020-04-02,6793.62451171875,25.31999969482422,1625.699951171875,2526.89990234375,50.90999984741211
2020-04-03,6733.38720703125,28.34000015258789,1633.699951171875,2488.64990234375,46.79999923706055
2020-04-04,6867.52734375,,,,
2020-04-05,6791.12939453125,,,,
2020-04-06,7271.78125,26.079999923706055,1677.0,2663.679931640625,45.2400016784668
2020-04-07,7176.41455078125,23.6299991607666,1664.800048828125,2659.409912109375,46.70000076293945
2020-04-08,7334.0986328125,25.09000015258789,1665.4000244140625,2749.97998046875,43.349998474121094
2020-04-09,7302.08935546875,22.760000228881836,1736.199951171875,2789.820068359375,41.66999816894531
2020-04-10,6865.4931640625,,,,
2020-04-11,6859.0830078125,,,,
2020-04-12,6971.091796875,,,,
2020-04-13,6845.03759765625,22.40999984741211,1744.800048828125,2761.6298828125,41.16999816894531
2020-04-14,6842.427734375,20.110000610351562,1756.699951171875,2846.06005859375,37.7599983215332
2020-04-15,6642.10986328125,19.8700008392334,1727.199951171875,2783.360107421875,40.84000015258789
2020-04-16,7116.80419921875,19.8700008392334,1720.4000244140625,2799.550048828125,40.11000061035156
2020-04-17,7096.1845703125,18.270000457763672,1689.199951171875,2874.56005859375,38.150001525878906
2020-04-18,7257.6650390625,,,,
2020-04-19,7189.4248046875,,,,
2020-04-20,6881.95849609375,-37.630001068115234,1701.5999755859375,2823.159912109375,43.83000183105469
2020-04-21,6880.3232421875,10.010000228881836,1678.199951171875,2736.56005859375,45.40999984741211
2020-04-22,7117.20751953125,13.779999732971191,1728.699951171875,2799.31005859375,41.97999954223633
2020-04-23,7429.724609375,16.5,1733.300048828125,2797.800048828125,41.380001068115234
2020-04-24,7550.90087890625,16.940000534057617,1723.5,2836.739990234375,35.93000030517578
2020-04-25,7569.93603515625,,,,
2020-04-26,7679.8671875,,,,
2020-04-27,7795.60107421875,12.779999732971191,1711.9000244140625,2878.47998046875,33.290000915527344
2020-04-28,7807.05859375,12.34000015258789,1710.5,2863.389892578125,33.56999969482422
2020-04-29,8801.0380859375,15.0600004196167,1703.4000244140625,2939.510009765625,31.229999542236328
2020-04-30,8658.5537109375,18.84000015258789,1684.199951171875,2912.429931640625,34.150001525878906
2020-05-01,8864.7666015625,19.780000686645508,1694.5,2830.7099609375,37.189998626708984
2020-05-02,8988.5966796875,,,,
2020-05-03,8897.46875,,,,
2020-05-04,8912.654296875,20.389999389648438,1706.9000244140625,2842.739990234375,35.970001220703125
2020-05-05,9003.0703125,24.559999465942383,1704.4000244140625,2868.43994140625,33.61000061035156
2020-05-06,9268.76171875,23.989999771118164,1684.199951171875,2848.419921875,34.119998931884766
2020-05-07,9951.5185546875,23.549999237060547,1721.800048828125,2881.18994140625,31.440000534057617
2020-05-08,9842.666015625,24.739999771118164,1709.9000244140625,2929.800048828125,27.979999542236328
2020-05-09,9593.896484375,,,,
2020-05-10,8756.4306640625,,,,
2020-05-11,8601.7958984375,24.139999389648438,1695.300048828125,2930.18994140625,27.56999969482422
2020-05-12,8804.4775390625,25.780000686645508,1704.4000244140625,2870.1201171875,33.040000915527344
2020-05-13,9269.9873046875,25.290000915527344,1713.9000244140625,2820.0,35.279998779296875
2020-05-14,9733.7216796875,27.559999465942383,1738.0999755859375,2852.5,32.61000061035156
2020-05-15,9328.197265625,29.43000030517578,1753.4000244140625,2863.699951171875,31.889999389648438
2020-05-16,9377.013671875,,,,
2020-05-17,9670.7392578125,,,,
2020-05-18,9726.5751953125,31.81999969482422,1731.800048828125,2953.909912109375,29.299999237060547
2020-05-19,9729.0380859375,32.5,1744.199951171875,2922.93994140625,30.530000686645508
2020-05-20,9522.9814453125,33.4900016784668,1750.5999755859375,2971.610107421875,27.989999771118164
2020-05-21,9081.76171875,33.91999816894531,1720.5,2948.510009765625,29.530000686645508
2020-05-22,9182.5771484375,33.25,1734.5999755859375,2955.449951171875,28.15999984741211
2020-05-23,9209.287109375,,,,
2020-05-24,8790.3681640625,,,,
2020-05-25,8906.9345703125,,,,
2020-05-26,8835.052734375,34.349998474121094,1704.800048828125,2991.77001953125,28.010000228881836
2020-05-27,9181.017578125,32.810001373291016,1710.300048828125,3036.1298828125,27.6200008392334
2020-05-28,9525.7509765625,33.709999084472656,1713.300048828125,3029.72998046875,28.59000015258789
2020-05-29,9439.1240234375,35.4900016784668,1736.9000244140625,3044.31005859375,27.510000228881836
2020-05-30,9700.4140625,,,,
2020-05-31,9461.05859375,,,,
2020-06-01,10167.2685546875,35.439998626708984,1737.800048828125,3055.72998046875,28.229999542236328
2020-06-02,9529.8037109375,36.810001373291016,1725.199951171875,3080.820068359375,26.84000015258789
2020-06-03,9656.7177734375,37.290000915527344,1697.800048828125,3122.8701171875,25.65999984741211
2020-06-04,9800.63671875,37.40999984741211,1718.9000244140625,3112.35009765625,25.809999465942383
2020-06-05,9665.533203125,39.54999923706055,1676.199951171875,3193.929931640625,24.520000457763672
2020-06-06,9653.6796875,,,,
2020-06-07,9758.8525390625,,,,
2020-06-08,9771.4892578125,38.189998626708984,1698.300048828125,3232.389892578125,25.809999465942383
2020-06-09,9795.7001953125,38.939998626708984,1714.699951171875,3207.179931640625,27.56999969482422
2020-06-10,9870.0947265625,39.599998474121094,1713.300048828125,3190.139892578125,27.56999969482422
2020-06-11,9321.78125,36.34000015258789,1732.0,3002.10009765625,40.790000915527344
2020-06-12,9480.84375,36.2599983215332,1729.300048828125,3041.31005859375,36.09000015258789
2020-06-13,9475.27734375,,,,
2020-06-14,9386.7880859375,,,,
2020-06-15,9450.7021484375,37.119998931884766,1720.300048828125,3066.590087890625,34.400001525878906
2020-06-16,9538.0244140625,38.380001068115234,1729.5999755859375,3124.739990234375,33.66999816894531
2020-06-17,9480.2548828125,37.959999084472656,1729.199951171875,3113.489990234375,33.470001220703125
2020-06-18,9411.8408203125,38.84000015258789,1724.800048828125,3115.340087890625,32.939998626708984
2020-06-19,9288.0185546875,39.75,1745.9000244140625,3097.739990234375,35.119998931884766
2020-06-20,9332.3408203125,,,,
2020-06-21,9303.6298828125,,,,
2020-06-22,9648.7177734375,40.459999084472656,1756.699951171875,3117.860107421875,31.770000457763672
2020-06-23,9629.658203125,40.369998931884766,1772.0999755859375,3131.2900390625,31.3700008392334
2020-06-24,9313.6103515625,38.0099983215332,1765.800048828125,3050.330078125,33.84000015258789
2020-06-25,9264.8134765625,38.720001220703125,1762.0999755859375,3083.760009765625,32.220001220703125
2020-06-26,9162.91796875,38.4900016784668,1772.5,3009.050048828125,34.72999954223633
2020-06-27,9045.390625,,,,
2020-06-28,9143.58203125,,,,
2020-06-29,9190.8544921875,39.70000076293945,1774.800048828125,3053.239990234375,31.780000686645508
2020-06-30,9137.9931640625,39.27000045776367,1793.0,3100.2900390625,30.43000030517578
2020-07-01,9228.3251953125,39.81999969482422,1773.199951171875,3115.860107421875,28.6200008392334
2020-07-02,9123.41015625,40.650001525878906,1784.0,3130.010009765625,27.68000030517578
2020-07-03,9087.3037109375,,,,
2020-07-04,9132.48828125,,,,
2020-07-05,9073.9423828125,,,,
2020-07-06,9375.474609375,40.630001068115234,1788.5,3179.719970703125,27.940000534057617
2020-07-07,9252.27734375,40.619998931884766,1804.199951171875,3145.320068359375,29.43000030517578
2020-07-08,9428.3330078125,40.900001525878906,1815.5,3169.93994140625,28.079999923706055
2020-07-09,9277.9677734375,39.619998931884766,1799.199951171875,3152.050048828125,29.260000228881836
2020-07-10,9278.8076171875,40.54999923706055,1798.199951171875,3185.0400390625,27.290000915527344
2020-07-11,9240.3466796875,,,,
2020-07-12,9276.5,,,,
2020-07-13,9243.6142578125,40.099998474121094,1811.0,3155.219970703125,32.189998626708984
2020-07-14,9243.2138671875,40.290000915527344,1810.5999755859375,3197.52001953125,29.520000457763672
2020-07-15,9192.8369140625,41.20000076293945,1811.4000244140625,3226.56005859375,27.760000228881836
2020-07-16,9132.2275390625,40.75,1798.699951171875,3215.570068359375,28.0
2020-07-17,9151.392578125,40.59000015258789,1808.300048828125,3224.72998046875,25.68000030517578
2020-07-18,9159.0400390625,,,,
2020-07-19,9185.8173828125,,,,
2020-07-20,9164.2314453125,40.810001373291016,1815.9000244140625,3251.840087890625,24.459999084472656
2020-07-21,9374.8876953125,41.959999084472656,1842.4000244140625,3257.300048828125,24.84000015258789
2020-07-22,9525.36328125,41.900001525878906,1864.0999755859375,3276.02001953125,24.31999969482422
2020-07-23,9581.072265625,41.06999969482422,1889.0999755859375,3235.659912109375,26.079999923706055
2020-07-24,9536.892578125,41.290000915527344,1897.300048828125,3215.6298828125,25.84000015258789
2020-07-25,9677.11328125,,,,
2020-07-26,9905.1669921875,,,,
2020-07-27,10990.873046875,41.599998474121094,1931.0,3239.409912109375,24.739999771118164
2020-07-28,10912.8232421875,41.040000915527344,1944.699951171875,3218.43994140625,25.440000534057617
2020-07-29,11100.4677734375,41.27000045776367,1953.5,3258.43994140625,24.100000381469727
2020-07-30,11111.2138671875,39.91999816894531,1942.300048828125,3246.219970703125,24.760000228881836
2020-07-31,11323.466796875,40.27000045776367,1962.800048828125,3271.1201171875,24.459999084472656
2020-08-01,11759.5927734375,,,,
2020-08-02,11053.6142578125,,,,
2020-08-03,11246.3486328125,41.0099983215332,1966.0,3294.610107421875,24.280000686645508
2020-08-04,11205.892578125,41.70000076293945,2001.199951171875,3306.510009765625,23.760000228881836
2020-08-05,11747.0224609375,42.189998626708984,2031.0999755859375,3327.77001953125,22.989999771118164
2020-08-06,11779.7734375,41.95000076293945,2051.5,3349.159912109375,22.649999618530273
2020-08-07,11601.47265625,41.220001220703125,2010.0999755859375,3351.280029296875,22.209999084472656
2020-08-08,11754.0458984375,,,,
2020-08-09,11675.7392578125,,,,
2020-08-10,11878.111328125,41.939998626708984,2024.4000244140625,3360.469970703125,22.1299991607666
2020-08-11,11410.525390625,41.61000061035156,1932.5999755859375,3333.68994140625,24.030000686645508
2020-08-12,11584.9345703125,42.66999816894531,1934.9000244140625,3380.35009765625,22.280000686645508
2020-08-13,11784.1376953125,42.2400016784668,1956.699951171875,3373.429931640625,22.1299991607666
2020-08-14,11768.87109375,42.0099983215332,1937.0,3372.85009765625,22.049999237060547
2020-08-15,11865.6982421875,,,,
2020-08-16,11892.8037109375,,,,
2020-08-17,12254.40234375,42.88999938964844,1985.0,3381.989990234375,21.350000381469727
2020-08-18,11991.2333984375,42.88999938964844,1999.4000244140625,3389.780029296875,21.510000228881836
2020-08-19,11758.283203125,42.93000030517578,1958.699951171875,3374.85009765625,22.540000915527344
2020-08-20,11878.3720703125,42.58000183105469,1933.800048828125,3385.510009765625,22.719999313354492
2020-08-21,11592.4892578125,42.34000015258789,1934.5999755859375,3397.159912109375,22.540000915527344
2020-08-22,11681.8251953125,,,,
2020-08-23,11664.84765625,,,,
2020-08-24,11774.595703125,42.619998931884766,1927.699951171875,3431.280029296875,22.3700008392334
2020-08-25,11366.134765625,43.349998474121094,1911.800048828125,3443.6201171875,22.030000686645508
2020-08-26,11488.36328125,43.38999938964844,1940.699951171875,3478.72998046875,23.270000457763672
2020-08-27,11323.3974609375,43.040000915527344,1921.5999755859375,3484.550048828125,24.469999313354492
2020-08-28,11542.5,42.970001220703125,1964.5999755859375,3508.010009765625,22.959999084472656
2020-08-29,11506.865234375,,,,
2020-08-30,11711.505859375,,,,
2020-08-31,11680.8203125,42.61000061035156,1967.5999755859375,3500.31005859375,26.40999984741211
2020-09-01,11970.478515625,42.7599983215332,1968.199951171875,3526.64990234375,26.1200008392334
2020-09-02,11414.0341796875,41.5099983215332,1934.4000244140625,3580.840087890625,26.56999969482422
2020-09-03,10245.296875,41.369998931884766,1927.5999755859375,3455.06005859375,33.599998474121094
2020-09-04,10511.8134765625,39.77000045776367,1923.9000244140625,3426.9599609375,30.75
2020-09-05,10169.5673828125,,,,
2020-09-06,10280.3515625,,,,
2020-09-07,10369.5634765625,,,,
2020-09-08,10131.5166015625,36.7599983215332,1933.0,3331.840087890625,31.459999084472656
2020-09-09,10242.34765625,38.04999923706055,1944.699951171875,3398.9599609375,28.809999465942383
2020-09-10,10363.138671875,37.29999923706055,1954.199951171875,3339.18994140625,29.709999084472656
2020-09-11,10400.9150390625,37.33000183105469,1937.800048828125,3340.969970703125,26.8700008392334
2020-09-12,10442.1708984375,,,,
2020-09-13,10323.755859375,,,,
2020-09-14,10680.837890625,37.2599983215332,1953.0999755859375,3383.5400390625,25.850000381469727
2020-09-15,10796.951171875,38.279998779296875,1956.300048828125,3401.199951171875,25.59000015258789
2020-09-16,10974.9052734375,40.15999984741211,1960.199951171875,3385.489990234375,26.040000915527344
2020-09-17,10948.990234375,40.970001220703125,1940.0,3357.010009765625,26.459999084472656
2020-09-18,10944.5859375,41.11000061035156,1952.0999755859375,3319.469970703125,25.829999923706055
2020-09-19,11094.3466796875,,,,
2020-09-20,10938.271484375,,,,
2020-09-21,10462.259765625,39.310001373291016,1901.199951171875,3281.06005859375,27.780000686645508
2020-09-22,10538.4599609375,39.599998474121094,1898.5999755859375,3315.570068359375,26.860000610351562
2020-09-23,10246.1865234375,39.93000030517578,1859.9000244140625,3236.919921875,28.579999923706055
2020-09-24,10760.06640625,40.310001373291016,1868.300048828125,3246.590087890625,28.510000228881836
2020-09-25,10692.716796875,40.25,1857.699951171875,3298.4599609375,26.3799991607666
2020-09-26,10750.7236328125,,,,
2020-09-27,10775.26953125,,,,
2020-09-28,10709.65234375,40.599998474121094,1872.800048828125,3351.60009765625,26.190000534057617
2020-09-29,10844.640625,39.290000915527344,1894.300048828125,3335.469970703125,26.270000457763672
2020-09-30,10784.4912109375,40.220001220703125,1887.5,3363.0,26.3700008392334
2020-10-01,10619.4521484375,38.720001220703125,1908.4000244140625,3380.800048828125,26.700000762939453
2020-10-02,10575.974609375,37.04999923706055,1900.199951171875,3348.419921875,27.6299991607666
2020-10-03,10549.3291015625,,,,
2020-10-04,10669.5830078125,,,,
2020-10-05,10793.33984375,39.220001220703125,1912.5,3408.60009765625,27.959999084472656
2020-10-06,10604.40625,40.66999816894531,1901.0999755859375,3360.969970703125,29.479999542236328
2020-10-07,10668.96875,39.95000076293945,1883.5999755859375,3419.43994140625,28.059999465942383
2020-10-08,10915.685546875,41.189998626708984,1888.5999755859375,3446.830078125,26.360000610351562
2020-10-09,11064.4580078125,40.599998474121094,1919.5,3477.139892578125,25.0
2020-10-10,11296.361328125,,,,
2020-10-11,11384.181640625,,,,
2020-10-12,11555.36328125,39.43000030517578,1922.5,3534.219970703125,25.06999969482422
2020-10-13,11425.8994140625,40.20000076293945,1888.5,3511.929931640625,26.06999969482422
2020-10-14,11429.5068359375,41.040000915527344,1901.300048828125,3488.669921875,26.399999618530273
2020-10-15,11495.349609375,40.959999084472656,1903.199951171875,3483.340087890625,26.969999313354492
2020-10-16,11322.123046875,40.880001068115234,1900.800048828125,3483.81005859375,27.40999984741211
2020-10-17,11358.1015625,,,,
2020-10-18,11483.359375,,,,
2020-10-19,11742.037109375,40.83000183105469,1906.4000244140625,3426.919921875,29.18000030517578
2020-10-20,11916.3349609375,41.459999084472656,1910.4000244140625,3443.1201171875,29.350000381469727
2020-10-21,12823.689453125,40.029998779296875,1924.5999755859375,3435.56005859375,28.649999618530273
2020-10-22,12965.8916015625,40.63999938964844,1901.0999755859375,3453.489990234375,28.110000610351562
2020-10-23,12931.5390625,39.849998474121094,1902.0,3465.389892578125,27.549999237060547
2020-10-24,13108.0625,,,,
2020-10-25,13031.173828125,,,,
2020-10-26,13075.248046875,38.560001373291016,1902.699951171875,3400.969970703125,32.459999084472656
2020-10-27,13654.21875,39.56999969482422,1908.800048828125,3390.679931640625,33.349998474121094
2020-10-28,13271.28515625,37.38999938964844,1876.199951171875,3271.030029296875,40.279998779296875
2020-10-29,13437.8828125,36.16999816894531,1865.5999755859375,3310.110107421875,37.59000015258789
2020-10-30,13546.5224609375,35.790000915527344,1877.4000244140625,3269.9599609375,38.02000045776367
2020-10-31,13780.9951171875,,,,
2020-11-01,13737.109375,,,,
2020-11-02,13550.4892578125,36.810001373291016,1890.4000244140625,3310.239990234375,37.130001068115234
2020-11-03,13950.30078125,37.65999984741211,1908.5,3369.159912109375,35.54999923706055
2020-11-04,14133.70703125,39.150001525878906,1894.5999755859375,3443.43994140625,29.56999969482422
2020-11-05,15579.8486328125,38.790000915527344,1945.300048828125,3510.449951171875,27.579999923706055
2020-11-06,15565.880859375,37.13999938964844,1950.300048828125,3509.43994140625,24.860000610351562
2020-11-07,14833.75390625,,,,
2020-11-08,15479.5673828125,,,,
2020-11-09,15332.3154296875,40.290000915527344,1853.199951171875,3550.5,25.75
2020-11-10,15290.90234375,41.36000061035156,1875.4000244140625,3545.530029296875,24.799999237060547
2020-11-11,15701.33984375,41.45000076293945,1860.699951171875,3572.659912109375,23.450000762939453
2020-11-12,16276.34375,41.119998931884766,1872.5999755859375,3537.010009765625,25.350000381469727
2020-11-13,16317.80859375,40.130001068115234,1885.699951171875,3585.14990234375,23.100000381469727
2020-11-14,16068.138671875,,,,
2020-11-15,15955.587890625,,,,
2020-11-16,16716.111328125,41.34000015258789,1887.300048828125,3626.909912109375,22.450000762939453
2020-11-17,17645.40625,41.43000030517578,1884.5,3609.530029296875,22.709999084472656
2020-11-18,17804.005859375,41.81999969482422,1873.5,3567.7900390625,23.84000015258789
2020-11-19,17817.08984375,41.7400016784668,1861.0999755859375,3581.8701171875,23.110000610351562
2020-11-20,18621.314453125,42.150001525878906,1872.5999755859375,3557.5400390625,23.700000762939453
2020-11-21,18642.232421875,,,,
2020-11-22,18370.001953125,,,,
2020-11-23,18364.12109375,43.060001373291016,1837.800048828125,3577.590087890625,22.65999984741211
2020-11-24,19107.46484375,44.90999984741211,1804.800048828125,3635.409912109375,21.639999389648438
2020-11-25,18732.12109375,45.709999084472656,1805.699951171875,3629.64990234375,21.25
2020-11-26,17150.623046875,,,,
2020-11-27,17108.40234375,45.529998779296875,1781.9000244140625,3638.35009765625,20.84000015258789
2020-11-28,17717.4140625,,,,
2020-11-29,18177.484375,,,,
2020-11-30,19625.8359375,45.34000015258789,1775.699951171875,3621.6298828125,20.56999969482422
2020-12-01,18802.998046875,44.54999923706055,1814.0999755859375,3662.449951171875,20.770000457763672
2020-12-02,19201.091796875,45.279998779296875,1825.699951171875,3669.010009765625,21.170000076293945
2020-12-03,19445.3984375,45.63999938964844,1836.800048828125,3666.719970703125,21.280000686645508
2020-12-04,18699.765625,46.2599983215332,1835.9000244140625,3699.1201171875,20.790000915527344
2020-12-05,19154.23046875,,,,
2020-12-06,19345.12109375,,,,
2020-12-07,19191.630859375,45.7599983215332,1861.800048828125,3691.9599609375,21.299999237060547
2020-12-08,18321.14453125,45.599998474121094,1870.800048828125,3702.25,20.68000030517578
2020-12-09,18553.916015625,45.52000045776367,1834.5999755859375,3672.820068359375,22.270000457763672
2020-12-10,18264.9921875,46.779998779296875,1833.5999755859375,3668.10009765625,22.520000457763672
2020-12-11,18058.904296875,46.56999969482422,1839.800048828125,3663.4599609375,23.309999465942383
2020-12-12,18803.65625,,,,
2020-12-13,19142.3828125,,,,
2020-12-14,19246.64453125,46.9900016784668,1828.699951171875,3647.489990234375,24.719999313354492
2020-12-15,19417.076171875,47.619998931884766,1852.300048828125,3694.6201171875,22.889999389648438
2020-12-16,21310.59765625,47.81999969482422,1856.0999755859375,3701.169921875,22.5
2020-12-17,22805.162109375,48.36000061035156,1887.199951171875,3722.47998046875,21.93000030517578
2020-12-18,23137.9609375,49.099998474121094,1885.699951171875,3709.409912109375,21.56999969482422
2020-12-19,23869.83203125,,,,
2020-12-20,23477.294921875,,,,
2020-12-21,22803.08203125,47.7400016784668,1879.199951171875,3694.919921875,25.15999984741211
2020-12-22,23783.029296875,47.02000045776367,1866.5999755859375,3687.260009765625,24.229999542236328
2020-12-23,23241.345703125,48.119998931884766,1874.699951171875,3690.010009765625,23.309999465942383
2020-12-24,23735.94921875,48.22999954223633,1879.9000244140625,3703.06005859375,21.530000686645508
2020-12-25,24664.791015625,,,,
2020-12-26,26437.037109375,,,,
2020-12-27,26272.294921875,,,,
2020-12-28,27084.80859375,47.619998931884766,1877.199951171875,3735.360107421875,21.700000762939453
2020-12-29,27362.4375,48.0,1879.699951171875,3727.0400390625,23.079999923706055
2020-12-30,28840.953125,48.400001525878906,1891.0,3732.0400390625,22.770000457763672
2020-12-31,29001.720703125,48.52000045776367,1893.0999755859375,3756.070068359375,22.75
2021-01-01,29374.15234375,,,,
2021-01-02,32127.267578125,,,,
2021-01-03,32782.0234375,,,,
2021-01-04,31971.9140625,47.619998931884766,1944.699951171875,3700.64990234375,26.969999313354492
2021-01-05,33992.4296875,49.93000030517578,1952.699951171875,3726.860107421875,25.34000015258789
2021-01-06,36824.36328125,50.630001068115234,1906.9000244140625,3748.139892578125,25.06999969482422
2021-01-07,39371.04296875,50.83000183105469,1912.300048828125,3803.7900390625,22.3700008392334
2021-01-08,40797.609375,52.2400016784668,1834.0999755859375,3824.679931640625,21.559999465942383
2021-01-09,40254.546875,,,,
2021-01-10,38356.44140625,,,,
2021-01-11,35566.65625,52.25,1849.5999755859375,3799.610107421875,24.079999923706055
2021-01-12,33922.9609375,53.209999084472656,1842.9000244140625,3801.18994140625,23.329999923706055
2021-01-13,37316.359375,52.90999984741211,1853.5999755859375,3809.840087890625,22.209999084472656
2021-01-14,39187.328125,53.56999969482422,1850.300048828125,3795.5400390625,23.25
2021-01-15,36825.3671875,52.36000061035156,1829.300048828125,3768.25,24.34000015258789
2021-01-16,36178.140625,,,,
2021-01-17,35791.27734375,,,,
2021-01-18,36630.07421875,,,,
2021-01-19,36069.8046875,52.97999954223633,1839.5,3798.909912109375,23.239999771118164
2021-01-20,35547.75,53.2400016784668,1865.9000244140625,3851.85009765625,21.579999923706055
2021-01-21,30825.69921875,53.130001068115234,1865.300048828125,3853.070068359375,21.31999969482422
2021-01-22,33005.76171875,52.27000045776367,1855.699951171875,3841.469970703125,21.90999984741211
2021-01-23,32067.642578125,,,,
2021-01-24,32289.37890625,,,,
2021-01-25,32366.392578125,52.77000045776367,1854.9000244140625,3855.360107421875,23.190000534057617
2021-01-26,32569.849609375,52.61000061035156,1850.699951171875,3849.6201171875,23.020000457763672
2021-01-27,30432.546875,52.849998474121094,1844.9000244140625,3750.77001953125,37.209999084472656
2021-01-28,33466.09765625,52.34000015258789,1837.9000244140625,3787.3798828125,30.209999084472656
2021-01-29,34316.38671875,52.20000076293945,1847.300048828125,3714.239990234375,33.09000015258789
2021-01-30,34269.5234375,,,,
2021-01-31,33114.359375,,,,
2021-02-01,33537.17578125,53.54999923706055,1860.800048828125,3773.860107421875,30.239999771118164
2021-02-02,35510.2890625,54.7599983215332,1830.5,3826.31005859375,25.559999465942383
2021-02-03,37472.08984375,55.689998626708984,1832.199951171875,3830.169921875,22.90999984741211
2021-02-04,36926.06640625,56.22999954223633,1788.9000244140625,3871.739990234375,21.770000457763672
2021-02-05,38144.30859375,56.849998474121094,1810.9000244140625,3886.830078125,20.8700008392334
2021-02-06,39266.01171875,,,,
2021-02-07,38903.44140625,,,,
2021-02-08,46196.46484375,57.970001220703125,1831.9000244140625,3915.590087890625,21.239999771118164
2021-02-09,46481.10546875,58.36000061035156,1835.300048828125,3911.22998046875,21.6299991607666
2021-02-10,44918.18359375,58.68000030517578,1840.5999755859375,3909.8798828125,21.989999771118164
2021-02-11,47909.33203125,58.2400016784668,1824.9000244140625,3916.3798828125,21.25
2021-02-12,47504.8515625,59.470001220703125,1821.5999755859375,3934.830078125,19.969999313354492
2021-02-13,47105.515625,,,,
2021-02-14,48717.2890625,,,,
2021-02-15,47945.05859375,,,,
2021-02-16,49199.87109375,60.04999923706055,1797.199951171875,3932.590087890625,21.459999084472656
2021-02-17,52149.0078125,61.13999938964844,1771.0999755859375,3931.330078125,21.5
2021-02-18,51679.796875,60.52000045776367,1773.4000244140625,3913.969970703125,22.489999771118164
2021-02-19,55888.1328125,59.2400016784668,1775.800048828125,3906.7099609375,22.049999237060547
2021-02-20,56099.51953125,,,,
2021-02-21,57539.9453125,,,,
2021-02-22,54207.3203125,61.4900016784668,1806.699951171875,3876.5,23.450000762939453
2021-02-23,48824.42578125,61.66999816894531,1804.4000244140625,3881.3701171875,23.110000610351562
2021-02-24,49705.33203125,63.220001220703125,1796.4000244140625,3925.429931640625,21.34000015258789
2021-02-25,47093.8515625,63.529998779296875,1774.4000244140625,3829.340087890625,28.889999389648438
2021-02-26,46339.76171875,61.5,1728.0999755859375,3811.14990234375,27.950000762939453
2021-02-27,46188.453125,,,,
2021-02-28,45137.76953125,,,,
2021-03-01,49631.2421875,60.63999938964844,1722.5,3901.820068359375,23.350000381469727
2021-03-02,48378.98828125,59.75,1733.0999755859375,3870.2900390625,24.100000381469727
2021-03-03,50538.2421875,61.279998779296875,1715.300048828125,3819.719970703125,26.670000076293945
2021-03-04,48561.16796875,63.83000183105469,1700.199951171875,3768.469970703125,28.56999969482422
2021-03-05,48927.3046875,66.08999633789062,1698.0,3841.93994140625,24.65999984741211
2021-03-06,48912.3828125,,,,
2021-03-07,51206.69140625,,,,
2021-03-08,52246.5234375,65.05000305175781,1677.699951171875,3821.35009765625,25.469999313354492
2021-03-09,54824.1171875,64.01000213623047,1716.5999755859375,3875.43994140625,24.030000686645508
2021-03-10,56008.55078125,64.44000244140625,1721.5,3898.81005859375,22.559999465942383
2021-03-11,57805.12109375,66.0199966430664,1722.300048828125,3939.340087890625,21.90999984741211
2021-03-12,57332.08984375,65.61000061035156,1719.5,3943.340087890625,20.690000534057617
2021-03-13,61243.0859375,,,,
2021-03-14,59302.31640625,,,,
2021-03-15,55907.19921875,65.38999938964844,1728.9000244140625,3968.93994140625,20.030000686645508
2021-03-16,56804.90234375,64.80000305175781,1730.5999755859375,3962.7099609375,19.790000915527344
2021-03-17,58870.89453125,64.5999984741211,1726.800048828125,3974.1201171875,19.229999542236328
2021-03-18,57858.921875,60.0,1732.199951171875,3915.4599609375,21.579999923706055
2021-03-19,58346.65234375,61.41999816894531,1741.4000244140625,3913.10009765625,20.950000762939453
2021-03-20,58313.64453125,,,,
2021-03-21,57523.421875,,,,
2021-03-22,54529.14453125,61.54999923706055,1737.800048828125,3940.590087890625,18.8799991607666
2021-03-23,54738.9453125,57.7599983215332,1724.699951171875,3910.52001953125,20.299999237060547
2021-03-24,52774.265625,61.18000030517578,1732.9000244140625,3889.139892578125,21.200000762939453
2021-03-25,51704.16015625,58.560001373291016,1724.9000244140625,3909.52001953125,19.809999465942383
2021-03-26,55137.3125,60.970001220703125,1732.199951171875,3974.5400390625,18.860000610351562
2021-03-27,55973.51171875,,,,
2021-03-28,55950.74609375,,,,
2021-03-29,57750.19921875,61.560001373291016,1712.0999755859375,3971.090087890625,20.739999771118164
2021-03-30,58917.69140625,60.54999923706055,1683.9000244140625,3958.550048828125,19.610000610351562
2021-03-31,58918.83203125,59.15999984741211,1713.800048828125,3972.889892578125,19.399999618530273
2021-04-01,59095.80859375,61.45000076293945,1726.5,4019.8701171875,17.329999923706055
2021-04-02,59384.3125,,,,
2021-04-03,57603.890625,,,,
2021-04-04,58758.5546875,,,,
2021-04-05,59057.87890625,58.650001525878906,1727.0,4077.909912109375,17.90999984741211
2021-04-06,58192.359375,59.33000183105469,1741.5,4073.93994140625,18.1200008392334
2021-04-07,56048.9375,59.77000045776367,1740.0999755859375,4079.949951171875,17.15999984741211
2021-04-08,58323.953125,59.599998474121094,1756.800048828125,4097.169921875,16.950000762939453
2021-04-09,58245.00390625,59.31999969482422,1743.300048828125,4128.7998046875,16.690000534057617
2021-04-10,59793.234375,,,,
2021-04-11,60204.96484375,,,,
2021-04-12,59893.453125,59.70000076293945,1731.199951171875,4127.990234375,16.90999984741211
2021-04-13,63503.45703125,60.18000030517578,1746.199951171875,4141.58984375,16.649999618530273
2021-04-14,63109.6953125,63.150001525878906,1734.9000244140625,4124.66015625,16.989999771118164
2021-04-15,63314.01171875,63.459999084472656,1765.4000244140625,4170.419921875,16.56999969482422
2021-04-16,61572.7890625,63.130001068115234,1779.0,4185.47021484375,16.25
2021-04-17,60683.8203125,,,,
2021-04-18,56216.18359375,,,,
2021-04-19,55724.265625,63.380001068115234,1769.4000244140625,4163.259765625,17.290000915527344
2021-04-20,56473.03125,62.439998626708984,1777.300048828125,4134.93994140625,18.68000030517578
2021-04-21,53906.08984375,61.349998474121094,1792.300048828125,4173.419921875,17.5
2021-04-22,51762.2734375,61.43000030517578,1781.199951171875,4134.97998046875,18.709999084472656
2021-04-23,51093.65234375,62.13999938964844,1777.0,4180.169921875,17.329999923706055
2021-04-24,50050.8671875,,,,
2021-04-25,49004.25390625,,,,
2021-04-26,54021.75390625,61.90999984741211,1779.199951171875,4187.6201171875,17.639999389648438
2021-04-27,55033.1171875,62.939998626708984,1778.0,4186.72021484375,17.559999465942383
2021-04-28,54824.703125,63.86000061035156,1773.199951171875,4183.18017578125,17.280000686645508
2021-04-29,53555.109375,65.01000213623047,1768.0999755859375,4211.47021484375,17.610000610351562
2021-04-30,57750.17578125,63.58000183105469,1767.300048828125,4181.169921875,18.610000610351562
2021-05-01,57828.05078125,,,,
2021-05-02,56631.078125,,,,
2021-05-03,57200.29296875,64.48999786376953,1791.4000244140625,4192.66015625,18.309999465942383
2021-05-04,53333.5390625,65.69000244140625,1775.800048828125,4164.66015625,19.479999542236328
2021-05-05,57424.0078125,65.62999725341797,1784.0999755859375,4167.58984375,19.149999618530273
2021-05-06,56396.515625,64.70999908447266,1815.5,4201.6201171875,18.389999389648438
2021-05-07,57356.40234375,64.9000015258789,1831.0999755859375,4232.60009765625,16.690000534057617
2021-05-08,58803.77734375,,,,
2021-05-09,58232.31640625,,,,
2021-05-10,55859.796875,64.91999816894531,1837.5,4188.43017578125,19.65999984741211
2021-05-11,56704.57421875,65.27999877929688,1835.9000244140625,4152.10009765625,21.84000015258789
2021-05-12,49150.53515625,66.08000183105469,1822.5999755859375,4063.0400390625,27.59000015258789
2021-05-13,49716.19140625,63.81999969482422,1823.800048828125,4112.5,23.1299991607666
2021-05-14,49880.53515625,65.37000274658203,1837.9000244140625,4173.85009765625,18.809999465942383
2021-05-15,46760.1875,,,,
2021-05-16,46456.05859375,,,,
2021-05-17,43537.51171875,66.2699966430664,1867.5,4163.2900390625,19.719999313354492
2021-05-18,42909.40234375,65.48999786376953,1867.800048828125,4127.830078125,21.34000015258789
2021-05-19,37002.44140625,63.36000061035156,1881.300048828125,4115.68017578125,22.18000030517578
2021-05-20,40782.73828125,62.04999923706055,1881.800048828125,4159.1201171875,20.670000076293945
2021-05-21,37304.69140625,63.58000183105469,1876.699951171875,4155.85986328125,20.149999618530273
2021-05-22,37536.6328125,,,,
2021-05-23,34770.58203125,,,,
2021-05-24,38705.98046875,66.05000305175781,1884.5999755859375,4197.0498046875,18.399999618530273
2021-05-25,38402.22265625,66.06999969482422,1898.0999755859375,4188.1298828125,18.84000015258789
2021-05-26,39294.19921875,66.20999908447266,1901.300048828125,4195.990234375,17.360000610351562
2021-05-27,38436.96875,66.8499984741211,1895.699951171875,4200.8798828125,16.739999771118164
2021-05-28,35697.60546875,66.31999969482422,1902.5,4204.10986328125,16.760000228881836
2021-05-29,34616.06640625,,,,
2021-05-30,35678.12890625,,,,
2021-05-31,37332.85546875,,,,
2021-06-01,36684.92578125,67.72000122070312,1902.9000244140625,4202.0400390625,17.899999618530273
2021-06-02,37575.1796875,68.83000183105469,1907.5,4208.1201171875,17.479999542236328
2021-06-03,39208.765625,68.80999755859375,1871.199951171875,4192.85009765625,18.040000915527344
2021-06-04,36894.40625,69.62000274658203,1889.800048828125,4229.89013671875,16.420000076293945
2021-06-05,35551.95703125,,,,
2021-06-06,35862.37890625,,,,
2021-06-07,33560.70703125,69.2300033569336,1896.800048828125,4226.52001953125,16.420000076293945
2021-06-08,33472.6328125,70.05000305175781,1892.199951171875,4227.259765625,17.06999969482422
2021-06-09,37345.12109375,69.95999908447266,1893.199951171875,4219.5498046875,17.889999389648438
2021-06-10,36702.59765625,70.29000091552734,1894.199951171875,4239.18017578125,16.100000381469727
2021-06-11,37334.3984375,70.91000366210938,1877.4000244140625,4247.43994140625,15.649999618530273
2021-06-12,35552.515625,,,,
2021-06-13,39097.859375,,,,
2021-06-14,40218.4765625,70.87999725341797,1864.0,4255.14990234375,16.389999389648438
2021-06-15,40406.26953125,72.12000274658203,1854.5,4246.58984375,17.020000457763672
2021-06-16,38347.0625,72.1500015258789,1859.5,4223.7001953125,18.149999618530273
2021-06-17,38053.50390625,71.04000091552734,1773.800048828125,4221.85986328125,17.75
2021-06-18,35787.24609375,71.63999938964844,1767.9000244140625,4166.4501953125,20.700000762939453
2021-06-19,35615.87109375,,,,
2021-06-20,35698.296875,,,,
2021-06-21,31676.693359375,73.66000366210938,1781.800048828125,4224.7900390625,17.889999389648438
2021-06-22,32505.66015625,73.05999755859375,1776.300048828125,4246.43994140625,16.65999984741211
2021-06-23,33723.02734375,73.08000183105469,1782.300048828125,4241.83984375,16.31999969482422
2021-06-24,34662.4375,73.30000305175781,1775.5999755859375,4266.490234375,15.970000267028809
2021-06-25,31637.779296875,74.05000305175781,1776.5999755859375,4280.7001953125,15.619999885559082
2021-06-26,32186.27734375,,,,
2021-06-27,34649.64453125,,,,
2021-06-28,34434.3359375,72.91000366210938,1779.5999755859375,4290.60986328125,15.760000228881836
2021-06-29,35867.77734375,72.9800033569336,1762.800048828125,4291.7998046875,16.020000457763672
2021-06-30,35040.8359375,73.47000122070312,1770.800048828125,4297.5,15.829999923706055
2021-07-01,33572.1171875,75.2300033569336,1775.9000244140625,4319.93994140625,15.479999542236328
2021-07-02,33897.046875,75.16000366210938,1782.5999755859375,4352.33984375,15.069999694824219
2021-07-03,34668.546875,,,,
2021-07-04,35287.78125,,,,
2021-07-05,33746.00390625,,,,
2021-07-06,34235.1953125,73.37000274658203,1793.5,4343.5400390625,16.440000534057617
2021-07-07,33855.328125,72.19999694824219,1801.5,4358.1298828125,16.200000762939453
2021-07-08,32877.37109375,72.94000244140625,1799.5999755859375,4320.81982421875,19.0
2021-07-09,33798.01171875,74.55999755859375,1810.0,4369.5498046875,16.18000030517578
2021-07-10,33520.51953125,,,,
2021-07-11,34240.1875,,,,
2021-07-12,33155.84765625,74.0999984741211,1805.5,4384.6298828125,16.170000076293945
2021-07-13,32702.025390625,75.25,1809.4000244140625,4369.2099609375,17.1200008392334
2021-07-14,32822.34765625,73.12999725341797,1824.300048828125,4374.2998046875,16.329999923706055
2021-07-15,31780.73046875,71.6500015258789,1828.4000244140625,4360.02978515625,17.010000228881836
2021-07-16,31421.5390625,71.80999755859375,1814.5,4327.16015625,18.450000762939453
2021-07-17,31533.068359375,,,,
2021-07-18,31796.810546875,,,,
2021-07-19,30817.83203125,66.41999816894531,1808.699951171875,4258.490234375,22.5
2021-07-20,29807.34765625,67.41999816894531,1810.9000244140625,4323.06005859375,19.729999542236328
2021-07-21,32110.693359375,70.30000305175781,1802.9000244140625,4358.68994140625,17.90999984741211
2021-07-22,32313.10546875,71.91000366210938,1805.0,4367.47998046875,17.690000534057617
2021-07-23,33581.55078125,72.06999969482422,1801.4000244140625,4411.7900390625,17.200000762939453
2021-07-24,34292.4453125,,,,
2021-07-25,35350.1875,,,,
2021-07-26,37337.53515625,71.91000366210938,1798.699951171875,4422.2998046875,17.579999923706055
2021-07-27,39406.94140625,71.6500015258789,1799.5,4401.4599609375,19.360000610351562
2021-07-28,39995.90625,72.38999938964844,1799.5,4400.64013671875,18.309999465942383
2021-07-29,40008.421875,73.62000274658203,1831.199951171875,4419.14990234375,17.700000762939453
2021-07-30,42235.546875,73.94999694824219,1812.5999755859375,4395.259765625,18.239999771118164
2021-07-31,41626.1953125,,,,
2021-08-01,39974.89453125,,,,
2021-08-02,39201.9453125,71.26000213623047,1818.0999755859375,4387.16015625,19.459999084472656
2021-08-03,38152.98046875,70.55999755859375,1810.0999755859375,4423.14990234375,18.040000915527344
2021-08-04,39747.50390625,68.1500015258789,1810.5,4402.66015625,17.969999313354492
2021-08-05,40869.5546875,69.08999633789062,1805.0999755859375,4429.10009765625,17.280000686645508
2021-08-06,42816.5,68.27999877929688,1760.0,4436.52001953125,16.149999618530273
2021-08-07,44555.80078125,,,,
2021-08-08,43798.1171875,,,,
2021-08-09,46365.40234375,66.4800033569336,1723.4000244140625,4432.35009765625,16.719999313354492
2021-08-10,45585.03125,68.29000091552734,1728.800048828125,4436.75,16.790000915527344
2021-08-11,45593.63671875,69.25,1750.4000244140625,4442.41015625,16.170000076293945
2021-08-12,44428.2890625,69.08999633789062,1749.0,4460.830078125,15.59000015258789
2021-08-13,47793.3203125,68.44000244140625,1775.199951171875,4468.0,15.449999809265137
2021-08-14,47096.9453125,,,,
2021-08-15,47047.00390625,,,,
2021-08-16,46004.484375,67.29000091552734,1786.9000244140625,4479.7099609375,16.1200008392334
2021-08-17,44695.359375,66.58999633789062,1785.0,4448.080078125,17.90999984741211
2021-08-18,44801.1875,65.45999908447266,1781.5999755859375,4400.27001953125,21.56999969482422
2021-08-19,46717.578125,63.689998626708984,1780.199951171875,4405.7998046875,21.670000076293945
2021-08-20,49339.17578125,62.31999969482422,1781.0,4441.669921875,18.559999465942383
2021-08-21,48905.4921875,,,,
2021-08-22,49321.65234375,,,,
2021-08-23,49546.1484375,65.63999938964844,1803.199951171875,4479.52978515625,17.149999618530273
2021-08-24,47706.1171875,67.54000091552734,1805.5999755859375,4486.22998046875,17.219999313354492
2021-08-25,48960.7890625,68.36000061035156,1788.199951171875,4496.18994140625,16.790000915527344
2021-08-26,46942.21875,67.41999816894531,1792.199951171875,4470.0,18.84000015258789
2021-08-27,49058.66796875,68.73999786376953,1816.5999755859375,4509.3701171875,16.389999389648438
2021-08-28,48902.40234375,,,,
2021-08-29,48829.83203125,,,,
2021-08-30,47054.984375,69.20999908447266,1809.0,4528.7900390625,16.190000534057617
2021-08-31,47166.6875,68.5,1815.0,4522.68017578125,16.479999542236328
2021-09-01,48847.02734375,68.58999633789062,1813.0999755859375,4524.08984375,16.110000610351562
2021-09-02,49327.72265625,69.98999786376953,1808.699951171875,4536.9501953125,16.40999984741211
2021-09-03,50025.375,69.29000091552734,1830.9000244140625,4535.43017578125,16.40999984741211
2021-09-04,49944.625,,,,
2021-09-05,51753.41015625,,,,
2021-09-06,52633.53515625,,,,
2021-09-07,46811.12890625,68.3499984741211,1795.9000244140625,4520.02978515625,18.139999389648438
2021-09-08,46091.390625,69.30000305175781,1790.699951171875,4514.06982421875,17.959999084472656
2021-09-09,46391.421875,68.13999938964844,1797.4000244140625,4493.27978515625,18.799999237060547
2021-09-10,44883.91015625,69.72000122070312,1789.5999755859375,4458.580078125,20.950000762939453
2021-09-11,45201.45703125,,,,
2021-09-12,46063.26953125,,,,
2021-09-13,44963.07421875,70.44999694824219,1792.0,4468.72998046875,19.3700008392334
2021-09-14,47092.4921875,70.45999908447266,1804.699951171875,4443.0498046875,19.459999084472656
2021-09-15,48176.34765625,72.61000061035156,1792.4000244140625,4480.7001953125,18.18000030517578
2021-09-16,47783.359375,72.61000061035156,1754.5999755859375,4473.75,18.690000534057617
2021-09-17,47267.51953125,71.97000122070312,1749.4000244140625,4432.990234375,20.809999465942383
2021-09-18,48278.36328125,,,,
2021-09-19,47260.21875,,,,
2021-09-20,42843.80078125,70.29000091552734,1761.800048828125,4357.72998046875,25.709999084472656
2021-09-21,40693.67578125,70.55999755859375,1776.0,4354.18994140625,24.360000610351562
2021-09-22,43574.5078125,72.2300033569336,1776.699951171875,4395.64013671875,20.8700008392334
2021-09-23,44895.09765625,73.30000305175781,1747.699951171875,4448.97998046875,18.6299991607666
2021-09-24,42839.75,73.9800033569336,1749.699951171875,4455.47998046875,17.75
2021-09-25,42716.59375,,,,
2021-09-26,43208.5390625,,,,
2021-09-27,42235.73046875,75.44999694824219,1750.0,4443.10986328125,18.760000228881836
2021-09-28,41034.54296875,75.29000091552734,1735.800048828125,4352.6298828125,23.25
2021-09-29,41564.36328125,74.83000183105469,1721.5,4359.4599609375,22.559999465942383
2021-09-30,43790.89453125,75.02999877929688,1755.300048828125,4307.5400390625,23.139999389648438
2021-10-01,48116.94140625,75.87999725341797,1757.0,4357.0400390625,21.100000381469727
2021-10-02,47711.48828125,,,,
2021-10-03,48199.953125,,,,
2021-10-04,49112.90234375,77.62000274658203,1766.199951171875,4300.4599609375,22.959999084472656
2021-10-05,51514.8125,78.93000030517578,1759.5999755859375,4345.72021484375,21.299999237060547
2021-10-06,55361.44921875,77.43000030517578,1760.5,4363.5498046875,21.0
2021-10-07,53805.984375,78.30000305175781,1757.9000244140625,4399.759765625,19.540000915527344
2021-10-08,53967.84765625,79.3499984741211,1756.300048828125,4391.33984375,18.770000457763672
2021-10-09,54968.22265625,,,,
2021-10-10,54771.578125,,,,
2021-10-11,57484.7890625,80.5199966430664,1754.5999755859375,4361.18994140625,20.0
2021-10-12,56041.05859375,80.63999938964844,1758.300048828125,4350.64990234375,19.850000381469727
2021-10-13,57401.09765625,80.44000244140625,1793.699951171875,4363.7998046875,18.639999389648438
2021-10-14,57321.5234375,81.30999755859375,1796.699951171875,4438.259765625,16.860000610351562
2021-10-15,61593.94921875,82.27999877929688,1767.199951171875,4471.3701171875,16.299999237060547
2021-10-16,60892.1796875,,,,
2021-10-17,61553.6171875,,,,
2021-10-18,62026.078125,82.44000244140625,1764.800048828125,4486.4599609375,16.309999465942383
2021-10-19,64261.9921875,82.95999908447266,1769.699951171875,4519.6298828125,15.699999809265137
2021-10-20,65992.8359375,83.87000274658203,1784.0999755859375,4536.18994140625,15.489999771118164
2021-10-21,62210.171875,82.5,1781.199951171875,4549.77978515625,15.010000228881836
2021-10-22,60692.265625,83.76000213623047,1795.5,4544.89990234375,15.430000305175781
2021-10-23,61393.6171875,,,,
2021-10-24,60930.8359375,,,,
2021-10-25,63039.82421875,83.76000213623047,1806.0,4566.47998046875,15.239999771118164
2021-10-26,60363.79296875,84.6500015258789,1792.699951171875,4574.7900390625,15.979999542236328
2021-10-27,58482.38671875,82.66000366210938,1797.9000244140625,4551.68017578125,16.979999542236328
2021-10-28,60622.13671875,82.80999755859375,1801.5999755859375,4596.419921875,16.530000686645508
2021-10-29,62227.96484375,83.56999969482422,1783.0,4605.3798828125,16.260000228881836
2021-10-30,61888.83203125,,,,
2021-10-31,61318.95703125,,,,
2021-11-01,61004.40625,84.05000305175781,1795.0999755859375,4613.669921875,16.40999984741211
2021-11-02,63226.40234375,83.91000366210938,1788.699951171875,4630.64990234375,16.030000686645508
2021-11-03,62970.046875,80.86000061035156,1763.5999755859375,4660.56982421875,15.100000381469727
2021-11-04,61452.23046875,78.80999755859375,1793.0,4680.06005859375,15.4399995803833
2021-11-05,61125.67578125,81.2699966430664,1816.4000244140625,4697.52978515625,16.479999542236328
2021-11-06,61527.48046875,,,,
2021-11-07,63326.98828125,,,,
2021-11-08,67566.828125,81.93000030517578,1827.4000244140625,4701.7001953125,17.219999313354492
2021-11-09,66971.828125,84.1500015258789,1830.199951171875,4685.25,17.780000686645508
2021-11-10,64995.23046875,81.33999633789062,1847.5999755859375,4646.7099609375,18.729999542236328
2021-11-11,64949.9609375,81.58999633789062,1863.199951171875,4649.27001953125,17.65999984741211
2021-11-12,64155.94140625,80.79000091552734,1867.9000244140625,4682.85009765625,16.290000915527344
2021-11-13,64469.52734375,,,,
2021-11-14,65466.83984375,,,,
2021-11-15,63557.87109375,80.87999725341797,1866.0999755859375,4682.7998046875,16.489999771118164
2021-11-16,60161.24609375,80.76000213623047,1853.5999755859375,4700.89990234375,16.3700008392334
2021-11-17,60368.01171875,78.36000061035156,1869.699951171875,4688.669921875,17.110000610351562
2021-11-18,56942.13671875,79.01000213623047,1861.0,4704.5400390625,17.59000015258789
2021-11-19,58119.578125,76.0999984741211,1851.199951171875,4697.9599609375,17.90999984741211
2021-11-20,59697.1953125,,,,
2021-11-21,58730.4765625,,,,
2021-11-22,56289.2890625,76.75,1806.0,4682.93994140625,19.170000076293945
2021-11-23,57569.07421875,78.5,1783.5,4690.7001953125,19.3799991607666
2021-11-24,56280.42578125,78.38999938964844,1784.0999755859375,4701.4599609375,18.579999923706055
2021-11-25,57274.6796875,,,,
2021-11-26,53569.765625,68.1500015258789,1785.300048828125,4594.6201171875,28.6200008392334
2021-11-27,54815.078125,,,,
2021-11-28,57248.45703125,,,,
2021-11-29,57806.56640625,69.94999694824219,1782.300048828125,4655.27001953125,22.959999084472656
2021-11-30,57005.42578125,66.18000030517578,1773.5999755859375,4567.0,27.190000534057617
2021-12-01,57229.828125,65.56999969482422,1781.5999755859375,4513.0400390625,31.1200008392334
2021-12-02,56477.81640625,66.5,1760.699951171875,4577.10009765625,27.950000762939453
2021-12-03,53598.24609375,66.26000213623047,1782.0,4538.43017578125,30.670000076293945
2021-12-04,49200.703125,,,,
2021-12-05,49368.84765625,,,,
2021-12-06,50582.625,69.48999786376953,1777.5,4591.669921875,27.18000030517578
2021-12-07,50700.0859375,72.05000305175781,1782.5999755859375,4686.75,21.889999389648438
2021-12-08,50504.796875,72.36000061035156,1783.4000244140625,4701.2099609375,19.899999618530273
2021-12-09,47672.12109375,70.94000244140625,1774.5999755859375,4667.4501953125,21.579999923706055
2021-12-10,47243.3046875,71.66999816894531,1782.9000244140625,4712.02001953125,18.690000534057617
2021-12-11,49362.5078125,,,,
2021-12-12,50098.3359375,,,,
2021-12-13,46737.48046875,71.29000091552734,1786.300048828125,4668.97021484375,20.309999465942383
2021-12-14,46612.6328125,70.7300033569336,1770.4000244140625,4634.08984375,21.889999389648438
2021-12-15,48896.72265625,70.87000274658203,1762.5999755859375,4709.85009765625,19.290000915527344
2021-12-16,47665.42578125,72.37999725341797,1796.5999755859375,4668.669921875,20.56999969482422
2021-12-17,46202.14453125,70.86000061035156,1803.800048828125,4620.64013671875,21.56999969482422
2021-12-18,46848.77734375,,,,
2021-12-19,46707.015625,,,,
2021-12-20,46880.27734375,68.2300033569336,1793.699951171875,4568.02001953125,22.8700008392334
2021-12-21,48936.61328125,71.12000274658203,1787.9000244140625,4649.22998046875,21.010000228881836
2021-12-22,48628.51171875,72.76000213623047,1801.5999755859375,4696.56005859375,18.6299991607666
2021-12-23,50784.5390625,73.79000091552734,1811.199951171875,4725.7900390625,17.959999084472656
2021-12-24,50822.1953125,,,,
2021-12-25,50429.859375,,,,
2021-12-26,50809.515625,,,,
2021-12-27,50640.41796875,75.56999969482422,1808.0999755859375,4791.18994140625,17.68000030517578
2021-12-28,47588.85546875,75.9800033569336,1810.199951171875,4786.35009765625,17.540000915527344
2021-12-29,46444.7109375,76.55999755859375,1805.0999755859375,4793.06005859375,16.950000762939453
2021-12-30,47178.125,76.98999786376953,1812.699951171875,4778.72998046875,17.329999923706055
2021-12-31,46306.4453125,75.20999908447266,1827.5,4766.18017578125,17.219999313354492
2022-01-01,47686.8125,,,,
2022-01-02,47345.21875,,,,
2022-01-03,46458.1171875,76.08000183105469,1799.4000244140625,4796.56005859375,16.600000381469727
2022-01-04,45897.57421875,76.98999786376953,1814.0,4793.5400390625,16.90999984741211
2022-01-05,43569.00390625,77.8499984741211,1824.5999755859375,4700.580078125,19.729999542236328
2022-01-06,43160.9296875,79.45999908447266,1788.699951171875,4696.0498046875,19.610000610351562
2022-01-07,41557.90234375,78.9000015258789,1797.0,4677.02978515625,18.760000228881836
2022-01-08,41733.94140625,,,,
2022-01-09,41911.6015625,,,,
2022-01-10,41821.26171875,78.2300033569336,1798.4000244140625,4670.2900390625,19.399999618530273
2022-01-11,42735.85546875,81.22000122070312,1818.5999755859375,4713.06982421875,18.40999984741211
2022-01-12,43949.1015625,82.63999938964844,1827.199951171875,4726.35009765625,17.6200008392334
2022-01-13,42591.5703125,82.12000274658203,1821.199951171875,4659.02978515625,20.309999465942383
2022-01-14,43099.69921875,83.81999969482422,1816.5,4662.85009765625,19.190000534057617
2022-01-15,43177.3984375,,,,
2022-01-16,43113.87890625,,,,
2022-01-17,42250.55078125,,,,
2022-01-18,42375.6328125,85.43000030517578,1812.300048828125,4577.10986328125,22.790000915527344
2022-01-19,41744.328125,86.95999908447266,1843.0999755859375,4532.759765625,23.850000381469727
2022-01-20,40680.41796875,86.9000015258789,1842.5,4482.72998046875,25.59000015258789
2022-01-21,36457.31640625,85.13999938964844,1831.800048828125,4397.93994140625,28.850000381469727
2022-01-22,35030.25,,,,
2022-01-23,36276.8046875,,,,
2022-01-24,36654.328125,83.30999755859375,1841.699951171875,4410.1298828125,29.899999618530273
2022-01-25,36954.00390625,85.5999984741211,1852.699951171875,4356.4501953125,31.15999984741211
2022-01-26,36852.12109375,87.3499984741211,1829.9000244140625,4349.93017578125,31.959999084472656
2022-01-27,37138.234375,86.61000061035156,1793.300048828125,4326.509765625,30.489999771118164
2022-01-28,37784.33203125,86.81999969482422,1784.9000244140625,4431.85009765625,27.65999984741211
2022-01-29,38138.1796875,,,,
2022-01-30,37917.6015625,,,,
2022-01-31,38483.125,88.1500015258789,1795.0,4515.5498046875,24.829999923706055
2022-02-01,38743.2734375,88.19999694824219,1800.300048828125,4546.5400390625,21.959999084472656
2022-02-02,36952.984375,88.26000213623047,1809.199951171875,4589.3798828125,22.09000015258789
2022-02-03,37154.6015625,90.2699966430664,1803.0,4477.43994140625,24.350000381469727
2022-02-04,41500.875,92.30999755859375,1806.5999755859375,4500.52978515625,23.219999313354492
2022-02-05,41441.1640625,,,,
2022-02-06,42412.43359375,,,,
2022-02-07,43840.28515625,91.31999969482422,1820.5999755859375,4483.8701171875,22.860000610351562
2022-02-08,44118.4453125,89.36000061035156,1826.5999755859375,4521.5400390625,21.440000534057617
2022-02-09,44338.796875,89.66000366210938,1835.199951171875,4587.18017578125,19.959999084472656
2022-02-10,43565.11328125,89.87999725341797,1836.199951171875,4504.080078125,23.90999984741211
2022-02-11,42407.9375,93.0999984741211,1840.800048828125,4418.64013671875,27.360000610351562
2022-02-12,42244.46875,,,,
2022-02-13,42197.515625,,,,
2022-02-14,42586.91796875,95.45999908447266,1868.0,4401.669921875,28.329999923706055
2022-02-15,44575.203125,92.06999969482422,1854.800048828125,4471.06982421875,25.700000762939453
2022-02-16,43961.859375,93.66000366210938,1870.199951171875,4475.009765625,24.290000915527344
2022-02-17,40538.01171875,91.76000213623047,1900.699951171875,4380.259765625,28.110000610351562
2022-02-18,40030.9765625,91.06999969482422,1898.5999755859375,4348.8701171875,27.75
2022-02-19,40122.15625,,,,
2022-02-20,38431.37890625,,,,
2022-02-21,37075.28125,,,,
2022-02-22,38286.02734375,92.3499984741211,1906.0999755859375,4304.759765625,28.809999465942383
2022-02-23,37296.5703125,92.0999984741211,1909.199951171875,4225.5,31.020000457763672
2022-02-24,38332.609375,92.80999755859375,1925.0999755859375,4288.7001953125,30.31999969482422
2022-02-25,39214.21875,91.58999633789062,1886.5,4384.64990234375,27.59000015258789
2022-02-26,39105.1484375,,,,
2022-02-27,37709.78515625,,,,
2022-02-28,43193.234375,95.72000122070312,1899.4000244140625,4373.93994140625,30.149999618530273
2022-03-01,44354.63671875,103.41000366210938,1942.4000244140625,4306.259765625,33.31999969482422
2022-03-02,43924.1171875,110.5999984741211,1920.9000244140625,4386.5400390625,30.739999771118164
2022-03-03,42451.7890625,107.66999816894531,1934.4000244140625,4363.490234375,30.479999542236328
2022-03-04,39137.60546875,115.68000030517578,1965.0999755859375,4328.8701171875,31.979999542236328
2022-03-05,39400.5859375,,,,
2022-03-06,38419.984375,,,,
2022-03-07,38062.0390625,119.4000015258789,1993.9000244140625,4201.08984375,36.45000076293945
2022-03-08,38737.26953125,123.69999694824219,2040.0999755859375,4170.7001953125,35.130001068115234
2022-03-09,41982.92578125,108.69999694824219,1985.9000244140625,4277.8798828125,32.45000076293945
2022-03-10,39437.4609375,106.0199966430664,1998.0999755859375,4259.52001953125,30.229999542236328
2022-03-11,38794.97265625,109.33000183105469,1982.699951171875,4204.31005859375,30.75
2022-03-12,38904.01171875,,,,
2022-03-13,37849.6640625,,,,
2022-03-14,39666.75390625,103.01000213623047,1959.5999755859375,4173.10986328125,31.770000457763672
2022-03-15,39338.78515625,96.44000244140625,1928.5,4262.4501953125,29.829999923706055
2022-03-16,41143.9296875,95.04000091552734,1908.0,4357.85986328125,26.670000076293945
2022-03-17,40951.37890625,102.9800033569336,1942.0999755859375,4411.669921875,25.670000076293945
2022-03-18,41801.15625,104.69999694824219,1928.199951171875,4463.1201171875,23.8700008392334
2022-03-19,42190.65234375,,,,
2022-03-20,41247.82421875,,,,
2022-03-21,41077.99609375,112.12000274658203,1928.5999755859375,4461.18017578125,23.530000686645508
2022-03-22,42358.80859375,111.76000213623047,1920.699951171875,4511.60986328125,22.940000534057617
2022-03-23,42892.95703125,114.93000030517578,1936.5999755859375,4456.240234375,23.56999969482422
2022-03-24,43960.93359375,112.33999633789062,1961.5999755859375,4520.16015625,21.670000076293945
2022-03-25,44348.73046875,113.9000015258789,1953.800048828125,4543.06005859375,20.809999465942383
2022-03-26,44500.828125,,,,
2022-03-27,46820.4921875,,,,
2022-03-28,47128.00390625,105.95999908447266,1939.5999755859375,4575.52001953125,19.6299991607666
2022-03-29,47465.73046875,104.23999786376953,1912.0,4631.60009765625,18.899999618530273
2022-03-30,47062.6640625,107.81999969482422,1933.5,4602.4501953125,19.329999923706055
2022-03-31,45538.67578125,100.27999877929688,1949.199951171875,4530.41015625,20.559999465942383
2022-04-01,46281.64453125,99.2699966430664,1919.0999755859375,4545.85986328125,19.6299991607666
2022-04-02,45868.94921875,,,,
2022-04-03,46453.56640625,,,,
2022-04-04,46622.67578125,103.27999877929688,1929.199951171875,4582.64013671875,18.56999969482422
2022-04-05,45555.9921875,101.95999908447266,1922.9000244140625,4525.1201171875,21.030000686645508
2022-04-06,43206.73828125,96.2300033569336,1918.4000244140625,4481.14990234375,22.100000381469727
2022-04-07,43503.84765625,96.02999877929688,1933.800048828125,4500.2099609375,21.549999237060547
2022-04-08,42287.6640625,98.26000213623047,1941.5999755859375,4488.27978515625,21.15999984741211
2022-04-09,42782.13671875,,,,
2022-04-10,42207.671875,,,,
2022-04-11,39521.90234375,94.29000091552734,1944.300048828125,4412.52978515625,24.3700008392334
2022-04-12,40127.18359375,100.5999984741211,1972.0999755859375,4397.4501953125,24.260000228881836
2022-04-13,41166.73046875,104.25,1981.0,4446.58984375,21.81999969482422
2022-04-14,39935.515625,106.94999694824219,1970.9000244140625,4392.58984375,22.700000762939453
2022-04-15,40553.46484375,,,,
2022-04-16,40424.484375,,,,
2022-04-17,39716.953125,,,,
2022-04-18,40826.21484375,108.20999908447266,1982.9000244140625,4391.68994140625,22.170000076293945
2022-04-19,41502.75,102.55999755859375,1955.699951171875,4462.2099609375,21.3700008392334
2022-04-20,41374.37890625,102.75,1952.300048828125,4459.4501953125,20.31999969482422
2022-04-21,40527.36328125,103.79000091552734,1944.9000244140625,4393.66015625,22.68000030517578
2022-04-22,39740.3203125,102.06999969482422,1931.0,4271.77978515625,28.209999084472656
2022-04-23,39486.73046875,,,,
2022-04-24,39469.29296875,,,,
2022-04-25,40458.30859375,98.54000091552734,1893.199951171875,4296.1201171875,27.020000457763672
2022-04-26,38117.4609375,101.69999694824219,1901.4000244140625,4175.2001953125,33.52000045776367
2022-04-27,39241.12109375,102.0199966430664,1885.9000244140625,4183.9599609375,31.600000381469727
2022-04-28,39773.828125,105.36000061035156,1888.699951171875,4287.5,29.989999771118164
2022-04-29,38609.82421875,104.69000244140625,1909.300048828125,4131.93017578125,33.400001525878906
2022-04-30,37714.875,,,,
2022-05-01,38469.09375,,,,
2022-05-02,38529.328125,105.16999816894531,1861.800048828125,4155.3798828125,32.34000015258789
2022-05-03,37750.453125,102.41000366210938,1868.800048828125,4175.47998046875,29.25
2022-05-04,39698.37109375,107.80999755859375,1867.0,4300.169921875,25.420000076293945
2022-05-05,36575.140625,108.26000213623047,1874.0,4146.8701171875,31.200000762939453
2022-05-06,36040.921875,109.7699966430664,1881.199951171875,4123.33984375,30.190000534057617
2022-05-07,35501.953125,,,,
2022-05-08,34059.265625,,,,
2022-05-09,30296.953125,103.08999633789062,1857.0999755859375,3991.239990234375,34.75
2022-05-10,31022.90625,99.76000213623047,1839.9000244140625,4001.050048828125,32.9900016784668
2022-05-11,28936.35546875,105.70999908447266,1852.5999755859375,3935.179931640625,32.560001373291016
2022-05-12,29047.751953125,106.12999725341797,1823.800048828125,3930.080078125,31.770000457763672
2022-05-13,29283.103515625,110.48999786376953,1807.4000244140625,4023.889892578125,28.8700008392334
2022-05-14,30101.265625,,,,
2022-05-15,31305.11328125,,,,
2022-05-16,29862.91796875,114.19999694824219,1813.5,4008.010009765625,27.469999313354492
2022-05-17,30425.857421875,112.4000015258789,1818.199951171875,4088.85009765625,26.100000381469727
2022-05-18,28720.271484375,109.58999633789062,1815.9000244140625,3923.679931640625,30.959999084472656
2022-05-19,30314.333984375,112.20999908447266,1841.199951171875,3900.7900390625,29.350000381469727
2022-05-20,29200.740234375,113.2300033569336,1841.800048828125,3901.360107421875,29.43000030517578
2022-05-21,29432.2265625,,,,
2022-05-22,30323.72265625,,,,
2022-05-23,29098.91015625,110.29000091552734,1847.800048828125,3973.75,28.479999542236328
2022-05-24,29655.5859375,109.7699966430664,1865.0999755859375,3941.47998046875,29.450000762939453
2022-05-25,29562.361328125,110.33000183105469,1846.199951171875,3978.72998046875,28.3700008392334
2022-05-26,29267.224609375,114.08999633789062,1847.4000244140625,4057.840087890625,27.5
2022-05-27,28627.57421875,115.06999969482422,1851.300048828125,4158.240234375,25.719999313354492
2022-05-28,28814.900390625,,,,
2022-05-29,29445.95703125,,,,
2022-05-30,31726.390625,,,,
2022-05-31,31792.310546875,114.66999816894531,1842.699951171875,4132.14990234375,26.190000534057617
2022-06-01,29799.080078125,115.26000213623047,1843.300048828125,4101.22998046875,25.690000534057617
2022-06-02,30467.48828125,116.87000274658203,1866.5,4176.81982421875,24.719999313354492
2022-06-03,29704.390625,118.87000274658203,1845.4000244140625,4108.5400390625,24.790000915527344
2022-06-04,29832.9140625,,,,
2022-06-05,29906.662109375,,,,
2022-06-06,31370.671875,118.5,1839.199951171875,4121.43017578125,25.06999969482422
2022-06-07,31155.478515625,119.41000366210938,1847.5,4160.68017578125,24.020000457763672
2022-06-08,30214.35546875,122.11000061035156,1851.9000244140625,4115.77001953125,23.959999084472656
2022-06-09,30111.998046875,121.51000213623047,1848.800048828125,4017.820068359375,26.09000015258789
2022-06-10,29083.8046875,120.66999816894531,1871.5,3900.860107421875,27.75
2022-06-11,28360.810546875,,,,
2022-06-12,26762.6484375,,,,
2022-06-13,22487.388671875,120.93000030517578,1828.0,3749.6298828125,34.02000045776367
2022-06-14,22206.79296875,118.93000030517578,1809.5,3735.47998046875,32.689998626708984
2022-06-15,22572.83984375,115.30999755859375,1815.300048828125,3789.989990234375,29.6200008392334
2022-06-16,20381.650390625,117.58999633789062,1845.699951171875,3666.77001953125,32.95000076293945
2022-06-17,20471.482421875,109.55999755859375,1835.5999755859375,3674.840087890625,31.1299991607666
2022-06-18,19017.642578125,,,,
2022-06-19,20553.271484375,,,,
2022-06-20,20599.537109375,,,,
2022-06-21,20710.59765625,110.6500015258789,1834.5999755859375,3764.7900390625,30.190000534057617
2022-06-22,19987.029296875,106.19000244140625,1834.300048828125,3759.889892578125,28.950000762939453
2022-06-23,21085.876953125,104.2699966430664,1825.699951171875,3795.72998046875,29.049999237060547
2022-06-24,21231.65625,107.62000274658203,1826.5,3911.739990234375,27.229999542236328
2022-06-25,21502.337890625,,,,
2022-06-26,21027.294921875,,,,
2022-06-27,20735.478515625,109.56999969482422,1820.9000244140625,3900.110107421875,26.950000762939453
2022-06-28,20280.634765625,111.76000213623047,1817.5,3821.550048828125,28.360000610351562
2022-06-29,20104.0234375,109.77999877929688,1813.699951171875,3818.830078125,28.15999984741211
2022-06-30,19784.7265625,105.76000213623047,1804.0999755859375,3785.3798828125,28.709999084472656
2022-07-01,19269.3671875,108.43000030517578,1798.9000244140625,3825.330078125,26.700000762939453
2022-07-02,19242.255859375,,,,
2022-07-03,19297.076171875,,,,
2022-07-04,20231.26171875,,,,
2022-07-05,20190.115234375,99.5,1761.800048828125,3831.389892578125,27.540000915527344
2022-07-06,20548.24609375,98.52999877929688,1734.9000244140625,3845.080078125,26.729999542236328
2022-07-07,21637.587890625,102.7300033569336,1737.9000244140625,3902.6201171875,26.079999923706055
2022-07-08,21731.1171875,104.79000091552734,1740.5999755859375,3899.3798828125,24.639999389648438
2022-07-09,21592.20703125,,,,
2022-07-10,20860.44921875,,,,
2022-07-11,19970.556640625,104.08999633789062,1730.0,3854.429931640625,26.170000076293945
2022-07-12,19323.9140625,95.83999633789062,1723.300048828125,3818.800048828125,27.290000915527344
2022-07-13,20212.07421875,96.30000305175781,1734.199951171875,3801.780029296875,26.81999969482422
2022-07-14,20569.919921875,95.77999877929688,1704.5,3790.3798828125,26.399999618530273
2022-07-15,20836.328125,97.58999633789062,1702.4000244140625,3863.159912109375,24.229999542236328
2022-07-16,21190.31640625,,,,
2022-07-17,20779.34375,,,,
2022-07-18,22485.689453125,102.5999984741211,1709.199951171875,3830.85009765625,25.299999237060547
2022-07-19,23389.43359375,104.22000122070312,1710.0,3936.68994140625,24.5
2022-07-20,23231.732421875,102.26000213623047,1699.5,3959.89990234375,23.8799991607666
2022-07-21,23164.62890625,96.3499984741211,1712.699951171875,3998.949951171875,23.110000610351562
2022-07-22,22714.978515625,94.69999694824219,1727.0999755859375,3961.6298828125,23.030000686645508
2022-07-23,22465.478515625,,,,
2022-07-24,22609.1640625,,,,
2022-07-25,21361.701171875,96.69999694824219,1719.0,3966.840087890625,23.360000610351562
2022-07-26,21239.75390625,94.9800033569336,1717.699951171875,3921.050048828125,24.690000534057617
2022-07-27,22930.548828125,97.26000213623047,1719.0999755859375,4023.610107421875,23.239999771118164
2022-07-28,23843.88671875,96.41999816894531,1750.300048828125,4072.429931640625,22.329999923706055
2022-07-29,23804.6328125,98.62000274658203,1762.9000244140625,4130.2900390625,21.329999923706055
2022-07-30,23656.20703125,,,,
2022-07-31,23336.896484375,,,,
2022-08-01,23314.19921875,93.88999938964844,1769.0,4118.6298828125,22.84000015258789
2022-08-02,22978.1171875,94.41999816894531,1771.0999755859375,4091.18994140625,23.93000030517578
2022-08-03,22846.5078125,90.66000366210938,1758.0,4155.169921875,21.950000762939453
2022-08-04,22630.95703125,88.54000091552734,1788.5,4151.93994140625,21.440000534057617
2022-08-05,23289.314453125,89.01000213623047,1772.9000244140625,4145.18994140625,21.149999618530273
2022-08-06,22961.279296875,,,,
2022-08-07,23175.890625,,,,
2022-08-08,23809.486328125,90.76000213623047,1786.800048828125,4140.06005859375,21.290000915527344
2022-08-09,23164.318359375,90.5,1794.0,4122.47021484375,21.770000457763672
2022-08-10,23947.642578125,91.93000030517578,1795.5999755859375,4210.240234375,19.739999771118164
2022-08-11,23957.529296875,94.33999633789062,1789.699951171875,4207.27001953125,20.200000762939453
2022-08-12,24402.818359375,92.08999633789062,1798.5999755859375,4280.14990234375,19.530000686645508
2022-08-13,24424.068359375,,,,
2022-08-14,24319.333984375,,,,
2022-08-15,24136.97265625,89.41000366210938,1781.4000244140625,4297.14013671875,19.950000762939453
2022-08-16,23883.291015625,86.52999877929688,1773.199951171875,4305.2001953125,19.690000534057617
2022-08-17,23335.998046875,88.11000061035156,1760.300048828125,4274.0400390625,19.899999618530273
2022-08-18,23212.73828125,90.5,1755.300048828125,4283.740234375,19.559999465942383
2022-08-19,20877.552734375,90.7699966430664,1747.5999755859375,4228.47998046875,20.600000381469727
2022-08-20,21166.060546875,,,,
2022-08-21,21534.12109375,,,,
2022-08-22,21398.908203125,90.2300033569336,1734.0,4137.990234375,23.799999237060547
2022-08-23,21528.087890625,93.73999786376953,1746.800048828125,4128.72998046875,24.110000610351562
2022-08-24,21395.01953125,94.88999938964844,1747.800048828125,4140.77001953125,22.81999969482422
2022-08-25,21600.904296875,92.5199966430664,1757.699951171875,4199.1201171875,21.780000686645508
2022-08-26,20260.01953125,93.05999755859375,1736.0999755859375,4057.659912109375,25.559999465942383
2022-08-27,20041.73828125,,,,
2022-08-28,19616.814453125,,,,
2022-08-29,20297.994140625,97.01000213623047,1736.5999755859375,4030.610107421875,26.209999084472656
2022-08-30,19796.80859375,91.63999938964844,1723.199951171875,3986.159912109375,26.209999084472656
2022-08-31,20049.763671875,89.55000305175781,1712.800048828125,3955.0,25.8700008392334
2022-09-01,20127.140625,86.61000061035156,1696.5999755859375,3966.85009765625,25.559999465942383
2022-09-02,19969.771484375,86.87000274658203,1709.800048828125,3924.260009765625,25.469999313354492
2022-09-03,19832.087890625,,,,
2022-09-04,19986.712890625,,,,
2022-09-05,19812.37109375,,,,
2022-09-06,18837.66796875,86.87999725341797,1700.4000244140625,3908.18994140625,26.90999984741211
2022-09-07,19290.32421875,81.94000244140625,1715.300048828125,3979.8701171875,24.639999389648438
2022-09-08,19329.833984375,83.54000091552734,1708.0,4006.179931640625,23.610000610351562
2022-09-09,21381.15234375,86.79000091552734,1716.199951171875,4067.360107421875,22.790000915527344
2022-09-10,21680.5390625,,,,
2022-09-11,21769.255859375,,,,
2022-09-12,22370.44921875,87.77999877929688,1728.0999755859375,4110.41015625,23.8700008392334
2022-09-13,20296.70703125,87.30999755859375,1705.0,3932.68994140625,27.270000457763672
2022-09-14,20241.08984375,88.4800033569336,1696.5,3946.010009765625,26.15999984741211
2022-09-15,19701.2109375,85.0999984741211,1665.4000244140625,3901.35009765625,26.270000457763672
2022-09-16,19772.583984375,85.11000061035156,1671.699951171875,3873.330078125,26.299999237060547
2022-09-17,20127.576171875,,,,
2022-09-18,19419.505859375,,,,
2022-09-19,19544.12890625,85.7300033569336,1666.199951171875,3899.889892578125,25.760000228881836
2022-09-20,18890.7890625,84.44999694824219,1659.699951171875,3855.929931640625,27.15999984741211
2022-09-21,18547.400390625,82.94000244140625,1664.5999755859375,3789.929931640625,27.989999771118164
2022-09-22,19413.55078125,83.48999786376953,1670.800048828125,3757.989990234375,27.350000381469727
2022-09-23,19297.638671875,78.73999786376953,1645.300048828125,3693.22998046875,29.920000076293945
2022-09-24,18937.01171875,,,,
2022-09-25,18802.09765625,,,,
2022-09-26,19222.671875,76.70999908447266,1623.300048828125,3655.0400390625,32.2599983215332
2022-09-27,19110.546875,78.5,1626.699951171875,3647.2900390625,32.599998474121094
2022-09-28,19426.720703125,82.1500015258789,1660.4000244140625,3719.0400390625,30.18000030517578
2022-09-29,19573.05078125,81.2300033569336,1658.5,3640.469970703125,31.84000015258789
2022-09-30,19431.7890625,79.48999786376953,1662.4000244140625,3585.6201171875,31.6200008392334
2022-10-01,19312.095703125,,,,
2022-10-02,19044.107421875,,,,
2022-10-03,19623.580078125,83.62999725341797,1692.9000244140625,3678.429931640625,30.100000381469727
2022-10-04,20336.84375,86.5199966430664,1721.0999755859375,3790.929931640625,29.06999969482422
2022-10-05,20160.716796875,87.76000213623047,1711.4000244140625,3783.280029296875,28.549999237060547
2022-10-06,19955.443359375,88.44999694824219,1711.699951171875,3744.52001953125,30.520000457763672
2022-10-07,19546.849609375,92.63999938964844,1700.5,3639.659912109375,31.360000610351562
2022-10-08,19416.568359375,,,,
2022-10-09,19446.42578125,,,,
2022-10-10,19141.484375,91.12999725341797,1667.300048828125,3612.389892578125,32.45000076293945
2022-10-11,19051.41796875,89.3499984741211,1678.699951171875,3588.840087890625,33.630001068115234
2022-10-12,19157.4453125,87.2699966430664,1670.300048828125,3577.030029296875,33.56999969482422
2022-10-13,19382.904296875,89.11000061035156,1670.0,3669.909912109375,31.940000534057617
2022-10-14,19185.65625,85.61000061035156,1641.699951171875,3583.070068359375,32.02000045776367
2022-10-15,19067.634765625,,,,
2022-10-16,19268.09375,,,,
2022-10-17,19550.7578125,85.45999908447266,1657.0,3677.949951171875,31.3700008392334
2022-10-18,19334.416015625,82.81999969482422,1649.0,3719.97998046875,30.5
2022-10-19,19139.53515625,85.55000305175781,1627.5,3695.159912109375,30.760000228881836
2022-10-20,19053.740234375,85.9800033569336,1630.800048828125,3665.780029296875,29.979999542236328
2022-10-21,19172.46875,85.05000305175781,1651.0,3752.75,29.690000534057617
2022-10-22,19208.189453125,,,,
2022-10-23,19567.0078125,,,,
2022-10-24,19345.572265625,84.58000183105469,1648.699951171875,3797.340087890625,29.850000381469727
2022-10-25,20095.857421875,85.31999969482422,1652.800048828125,3859.110107421875,28.459999084472656
2022-10-26,20770.44140625,87.91000366210938,1664.0,3830.60009765625,27.280000686645508
2022-10-27,20285.8359375,89.08000183105469,1660.699951171875,3807.300048828125,27.389999389648438
2022-10-28,20595.3515625,87.9000015258789,1639.5999755859375,3901.06005859375,25.75
2022-10-29,20818.4765625,,,,
2022-10-30,20635.603515625,,,,
2022-10-31,20495.7734375,86.52999877929688,1635.9000244140625,3871.97998046875,25.8799991607666
2022-11-01,20485.2734375,88.37000274658203,1645.0,3856.10009765625,25.809999465942383
2022-11-02,20159.50390625,90.0,1645.699951171875,3759.68994140625,25.860000610351562
2022-11-03,20209.98828125,88.16999816894531,1627.300048828125,3719.889892578125,25.299999237060547
2022-11-04,21147.23046875,92.61000061035156,1672.5,3770.550048828125,24.549999237060547
2022-11-05,21282.69140625,,,,
2022-11-06,20926.486328125,,,,
2022-11-07,20602.81640625,91.79000091552734,1676.5,3806.800048828125,24.350000381469727
2022-11-08,18541.271484375,88.91000366210938,1712.0999755859375,3828.110107421875,25.540000915527344
2022-11-09,15880.7802734375,85.83000183105469,1710.0999755859375,3748.570068359375,26.09000015258789
2022-11-10,17586.771484375,86.47000122070312,1750.300048828125,3956.3701171875,23.530000686645508
2022-11-11,17034.29296875,88.95999908447266,1766.0,3992.929931640625,22.520000457763672
2022-11-12,16799.185546875,,,,
2022-11-13,16353.365234375,,,,
2022-11-14,16618.19921875,85.87000274658203,1773.5999755859375,3957.25,23.729999542236328
2022-11-15,16884.61328125,86.91999816894531,1773.800048828125,3991.72998046875,24.540000915527344
2022-11-16,16669.439453125,85.58999633789062,1773.0,3958.7900390625,24.110000610351562
2022-11-17,16687.517578125,81.63999938964844,1760.800048828125,3946.56005859375,23.93000030517578
2022-11-18,16697.77734375,80.08000183105469,1751.9000244140625,3965.340087890625,23.1200008392334
2022-11-19,16711.546875,,,,
2022-11-20,16291.83203125,,,,
2022-11-21,15787.2841796875,79.7300033569336,1737.4000244140625,3949.93994140625,22.360000610351562
2022-11-22,16189.76953125,80.94999694824219,1738.300048828125,4003.580078125,21.290000915527344
2022-11-23,16610.70703125,77.94000244140625,1744.9000244140625,4027.260009765625,20.350000381469727
2022-11-24,16604.46484375,,,,
2022-11-25,16521.841796875,76.27999877929688,1753.300048828125,4026.1201171875,20.5
2022-11-26,16464.28125,,,,
2022-11-27,16444.626953125,,,,
2022-11-28,16217.322265625,77.23999786376953,1740.0999755859375,3963.93994140625,22.209999084472656
2022-11-29,16444.982421875,78.19999694824219,1748.4000244140625,3957.6298828125,21.889999389648438
2022-11-30,17168.56640625,80.55000305175781,1746.0,4080.110107421875,20.579999923706055
2022-12-01,16967.1328125,81.22000122070312,1801.0999755859375,4076.570068359375,19.84000015258789
2022-12-02,17088.66015625,79.9800033569336,1795.9000244140625,4071.699951171875,19.059999465942383
2022-12-03,16908.236328125,,,,
2022-12-04,17130.486328125,,,,
2022-12-05,16974.826171875,76.93000030517578,1767.4000244140625,3998.840087890625,20.75
2022-12-06,17089.50390625,74.25,1769.300048828125,3941.260009765625,22.170000076293945
2022-12-07,16848.126953125,72.01000213623047,1785.5,3933.919921875,22.68000030517578
2022-12-08,17233.474609375,71.45999908447266,1788.699951171875,3963.510009765625,22.290000915527344
2022-12-09,17133.15234375,71.0199966430664,1798.0999755859375,3934.3798828125,22.829999923706055
2022-12-10,17128.724609375,,,,
2022-12-11,17104.193359375,,,,
2022-12-12,17206.4375,73.16999816894531,1780.5,3990.56005859375,25.0
2022-12-13,17781.318359375,75.38999938964844,1813.9000244140625,4019.64990234375,22.549999237060547
2022-12-14,17815.650390625,77.27999877929688,1807.5,3995.320068359375,21.139999389648438
2022-12-15,17364.865234375,76.11000061035156,1777.199951171875,3895.75,22.829999923706055
2022-12-16,16647.484375,74.29000091552734,1790.0,3852.360107421875,22.6200008392334
2022-12-17,16795.091796875,,,,
2022-12-18,16757.9765625,,,,
2022-12-19,16439.6796875,75.19000244140625,1787.699951171875,3817.659912109375,22.420000076293945
2022-12-20,16906.3046875,76.08999633789062,1815.9000244140625,3821.6201171875,21.479999542236328
2022-12-21,16817.53515625,78.29000091552734,1815.9000244140625,3878.43994140625,20.06999969482422
2022-12-22,16830.341796875,77.48999786376953,1787.0,3822.389892578125,21.969999313354492
2022-12-23,16796.953125,79.55999755859375,1795.9000244140625,3844.820068359375,20.8700008392334
2022-12-24,16847.755859375,,,,
2022-12-25,16841.986328125,,,,
2022-12-26,16919.8046875,,,,
2022-12-27,16717.173828125,79.52999877929688,1814.800048828125,3829.25,21.649999618530273
2022-12-28,16552.572265625,78.95999908447266,1807.9000244140625,3783.219970703125,22.139999389648438
2022-12-29,16642.341796875,78.4000015258789,1819.5,3849.280029296875,21.440000534057617
2022-12-30,16602.5859375,80.26000213623047,1819.699951171875,3839.5,21.670000076293945
2022-12-31,16547.49609375,,,,
2023-01-01,16625.080078125,,,,
2023-01-02,16688.470703125,,,,
2023-01-03,16679.857421875,76.93000030517578,1839.699951171875,3824.139892578125,22.899999618530273
2023-01-04,16863.23828125,72.83999633789062,1852.800048828125,3852.969970703125,22.010000228881836
2023-01-05,16836.736328125,73.66999816894531,1834.800048828125,3808.10009765625,22.459999084472656
2023-01-06,16951.96875,73.7699966430664,1864.199951171875,3895.080078125,21.1299991607666
2023-01-07,16955.078125,,,,
2023-01-08,17091.14453125,,,,
2023-01-09,17196.5546875,74.62999725341797,1872.699951171875,3892.090087890625,21.969999313354492
2023-01-10,17446.29296875,75.12000274658203,1871.5999755859375,3919.25,20.579999923706055
2023-01-11,17934.896484375,77.41000366210938,1874.5999755859375,3969.610107421875,21.09000015258789
2023-01-12,18869.587890625,78.38999938964844,1895.5,3983.169921875,18.829999923706055
2023-01-13,19909.57421875,79.86000061035156,1918.4000244140625,3999.090087890625,18.350000381469727
2023-01-14,20976.298828125,,,,
2023-01-15,20880.798828125,,,,
2023-01-16,21169.6328125,,,,
2023-01-17,21161.51953125,80.18000030517578,1907.199951171875,3990.969970703125,19.360000610351562
2023-01-18,20688.78125,79.4800033569336,1904.4000244140625,3928.860107421875,20.34000015258789
2023-01-19,21086.79296875,80.33000183105469,1922.0999755859375,3898.85009765625,20.520000457763672
2023-01-20,22676.552734375,81.30999755859375,1926.4000244140625,3972.610107421875,19.850000381469727
2023-01-21,22777.625,,,,
2023-01-22,22720.416015625,,,,
2023-01-23,22934.431640625,81.62000274658203,1927.0999755859375,4019.81005859375,19.809999465942383
2023-01-24,22636.46875,80.12999725341797,1933.9000244140625,4016.949951171875,19.200000762939453
2023-01-25,23117.859375,80.1500015258789,1941.199951171875,4016.219970703125,19.079999923706055
2023-01-26,23032.77734375,81.01000213623047,1929.0999755859375,4060.429931640625,18.729999542236328
2023-01-27,23078.728515625,79.68000030517578,1928.5999755859375,4070.56005859375,18.510000228881836
2023-01-28,23031.08984375,,,,
2023-01-29,23774.56640625,,,,
2023-01-30,22840.138671875,77.9000015258789,1922.9000244140625,4017.77001953125,19.940000534057617
2023-01-31,23139.283203125,78.87000274658203,1929.5,4076.60009765625,19.399999618530273
2023-02-01,23723.76953125,76.41000366210938,1927.800048828125,4119.2099609375,17.8700008392334
2023-02-02,23471.87109375,75.87999725341797,1916.300048828125,4179.759765625,18.729999542236328
2023-02-03,23449.322265625,73.38999938964844,1862.9000244140625,4136.47998046875,18.329999923706055
2023-02-04,23331.84765625,,,,
2023-02-05,22955.666015625,,,,
2023-02-06,22760.109375,74.11000061035156,1866.199951171875,4111.080078125,19.43000030517578
2023-02-07,23264.291015625,77.13999938964844,1871.699951171875,4164.0,18.65999984741211
2023-02-08,22939.3984375,78.47000122070312,1877.4000244140625,4117.85986328125,19.6299991607666
2023-02-09,21819.0390625,78.05999755859375,1866.199951171875,4081.5,20.709999084472656
2023-02-10,21651.18359375,79.72000122070312,1862.800048828125,4090.4599609375,20.530000686645508
2023-02-11,21870.875,,,,
2023-02-12,21788.203125,,,,
2023-02-13,21808.1015625,80.13999938964844,1851.9000244140625,4137.2900390625,20.34000015258789
2023-02-14,22220.8046875,79.05999755859375,1854.0,4136.1298828125,18.90999984741211
2023-02-15,24307.841796875,78.58999633789062,1834.199951171875,4147.60009765625,18.229999542236328
2023-02-16,23623.474609375,78.48999786376953,1842.0,4090.409912109375,20.170000076293945
2023-02-17,24565.6015625,76.33999633789062,1840.4000244140625,4079.090087890625,20.020000457763672
2023-02-18,24641.27734375,,,,
2023-02-19,24327.642578125,,,,
2023-02-20,24829.1484375,,,,
2023-02-21,24436.353515625,76.16000366210938,1833.0,3997.340087890625,22.8700008392334
2023-02-22,24188.84375,73.94999694824219,1832.0,3991.050048828125,22.290000915527344
2023-02-23,23947.4921875,75.38999938964844,1818.0,4012.320068359375,21.139999389648438
2023-02-24,23198.126953125,76.31999969482422,1808.800048828125,3970.0400390625,21.670000076293945
2023-02-25,23175.375,,,,
2023-02-26,23561.212890625,,,,
2023-02-27,23522.87109375,75.68000030517578,1817.0,3982.239990234375,20.950000762939453
2023-02-28,23147.353515625,77.05000305175781,1828.9000244140625,3970.14990234375,20.700000762939453
2023-03-01,23646.55078125,77.69000244140625,1837.699951171875,3951.389892578125,20.579999923706055
2023-03-02,23475.466796875,78.16000366210938,1833.5,3981.35009765625,19.59000015258789
2023-03-03,22362.6796875,79.68000030517578,1847.699951171875,4045.639892578125,18.489999771118164
2023-03-04,22353.349609375,,,,
2023-03-05,22435.513671875,,,,
2023-03-06,22429.7578125,80.45999908447266,1847.9000244140625,4048.419921875,18.610000610351562
2023-03-07,22219.76953125,77.58000183105469,1813.9000244140625,3986.3701171875,19.59000015258789
2023-03-08,21718.080078125,76.66000366210938,1812.699951171875,3992.010009765625,19.110000610351562
2023-03-09,20363.021484375,75.72000122070312,1829.300048828125,3918.320068359375,22.610000610351562
2023-03-10,20187.244140625,76.68000030517578,1862.0,3861.590087890625,24.799999237060547
2023-03-11,20632.41015625,,,,
2023-03-12,22163.94921875,,,,
2023-03-13,24197.533203125,74.80000305175781,1911.699951171875,3855.760009765625,26.520000457763672
2023-03-14,24746.07421875,71.33000183105469,1906.199951171875,3919.2900390625,23.729999542236328
2023-03-15,24375.9609375,67.61000061035156,1926.5999755859375,3891.929931640625,26.139999389648438
2023-03-16,25052.7890625,68.3499984741211,1919.0,3960.280029296875,22.989999771118164
2023-03-17,27423.9296875,66.73999786376953,1969.800048828125,3916.639892578125,25.510000228881836
2023-03-18,26965.87890625,,,,
2023-03-19,28038.67578125,,,,
2023-03-20,27767.236328125,67.63999938964844,1979.199951171875,3951.570068359375,24.149999618530273
2023-03-21,28175.81640625,69.33000183105469,1938.0,4002.8701171875,21.3799991607666
2023-03-22,27307.4375,70.9000015258789,1946.800048828125,3936.969970703125,22.260000228881836
2023-03-23,28333.97265625,69.95999908447266,1993.800048828125,3948.719970703125,22.610000610351562
2023-03-24,27493.28515625,69.26000213623047,1982.0999755859375,3970.989990234375,21.739999771118164
2023-03-25,27494.70703125,,,,
2023-03-26,27994.330078125,,,,
2023-03-27,27139.888671875,72.80999755859375,1952.4000244140625,3977.530029296875,20.600000381469727
2023-03-28,27268.130859375,73.19999694824219,1972.4000244140625,3971.27001953125,19.969999313354492
2023-03-29,28348.44140625,72.97000122070312,1966.0999755859375,4027.81005859375,19.1200008392334
2023-03-30,28033.5625,74.37000274658203,1980.300048828125,4050.830078125,19.020000457763672
2023-03-31,28478.484375,75.66999816894531,1969.0,4109.31005859375,18.700000762939453
2023-04-01,28411.03515625,,,,
2023-04-02,28199.30859375,,,,
2023-04-03,27790.220703125,80.41999816894531,1983.9000244140625,4124.509765625,18.549999237060547
2023-04-04,28168.08984375,80.70999908447266,2022.199951171875,4100.60009765625,19.0
2023-04-05,28177.984375,80.61000061035156,2020.9000244140625,4090.3798828125,19.079999923706055
2023-04-06,28044.140625,80.69999694824219,2011.9000244140625,4105.02001953125,18.399999618530273
2023-04-07,27925.859375,,,,
2023-04-08,27947.794921875,,,,
2023-04-09,28333.05078125,,,,
2023-04-10,29652.98046875,79.73999786376953,1989.0999755859375,4109.10986328125,18.969999313354492
2023-04-11,30235.05859375,81.52999877929688,2004.800048828125,4108.93994140625,19.100000381469727
2023-04-12,30139.052734375,83.26000213623047,2010.9000244140625,4091.949951171875,19.09000015258789
2023-04-13,30399.06640625,82.16000366210938,2041.300048828125,4146.22021484375,17.799999237060547
2023-04-14,30485.69921875,82.5199966430664,2002.199951171875,4137.64013671875,17.06999969482422
2023-04-15,30318.49609375,,,,
2023-04-16,30315.35546875,,,,
2023-04-17,29445.044921875,80.83000183105469,1994.199951171875,4151.31982421875,16.950000762939453
2023-04-18,30397.552734375,80.86000061035156,2007.4000244140625,4154.8701171875,16.829999923706055
2023-04-19,28822.6796875,79.16000366210938,1995.199951171875,4154.52001953125,16.459999084472656
2023-04-20,28245.98828125,77.29000091552734,2007.5999755859375,4129.7900390625,17.170000076293945
2023-04-21,27276.91015625,77.87000274658203,1979.5,4133.52001953125,16.770000457763672
2023-04-22,27817.5,,,,
2023-04-23,27591.384765625,,,,
2023-04-24,27525.33984375,78.76000213623047,1989.0999755859375,4137.0400390625,16.889999389648438
2023-04-25,28307.59765625,77.06999969482422,1994.0,4071.6298828125,18.760000228881836
2023-04-26,28422.701171875,74.30000305175781,1985.699951171875,4055.989990234375,18.84000015258789
2023-04-27,29473.787109375,74.76000213623047,1989.9000244140625,4135.35009765625,17.030000686645508
2023-04-28,29340.26171875,76.77999877929688,1990.0999755859375,4169.47998046875,15.779999732971191
2023-04-29,29248.48828125,,,,
2023-04-30,29268.806640625,,,,
2023-05-01,28091.568359375,75.66000366210938,1983.4000244140625,4167.8701171875,16.079999923706055
2023-05-02,28680.537109375,71.66000366210938,2014.300048828125,4119.580078125,17.780000686645508
2023-05-03,29006.30859375,68.5999984741211,2028.5999755859375,4090.75,18.34000015258789
2023-05-04,28847.7109375,68.55999755859375,2048.0,4061.219970703125,20.09000015258789
2023-05-05,29534.384765625,71.33999633789062,2017.4000244140625,4136.25,17.190000534057617
2023-05-06,28904.623046875,,,,
2023-05-07,28454.978515625,,,,
2023-05-08,27694.2734375,73.16000366210938,2026.300048828125,4138.1201171875,16.979999542236328
2023-05-09,27658.775390625,73.70999908447266,2036.199951171875,4119.169921875,17.709999084472656
2023-05-10,27621.755859375,72.55999755859375,2030.5,4137.64013671875,16.940000534057617
2023-05-11,27000.7890625,70.87000274658203,2014.699951171875,4130.6201171875,16.93000030517578
2023-05-12,26804.990234375,70.04000091552734,2014.5,4124.080078125,17.030000686645508
2023-05-13,26784.078125,,,,
2023-05-14,26930.638671875,,,,
2023-05-15,27192.693359375,71.11000061035156,2018.0,4136.27978515625,17.1200008392334
2023-05-16,27036.650390625,70.86000061035156,1988.4000244140625,4109.89990234375,17.989999771118164
2023-05-17,27398.802734375,72.83000183105469,1980.699951171875,4158.77001953125,16.8700008392334
2023-05-18,26832.208984375,71.86000061035156,1956.5,4198.0498046875,16.049999237060547
2023-05-19,26890.12890625,71.55000305175781,1978.699951171875,4191.97998046875,16.809999465942383
2023-05-20,27129.5859375,,,,
2023-05-21,26753.826171875,,,,
2023-05-22,26851.27734375,71.98999786376953,1974.800048828125,4192.6298828125,17.209999084472656
2023-05-23,27225.7265625,72.91000366210938,1972.4000244140625,4145.580078125,18.530000686645508
2023-05-24,26334.818359375,74.33999633789062,1962.800048828125,4115.240234375,20.030000686645508
2023-05-25,26476.20703125,71.83000183105469,1943.0999755859375,4151.27978515625,19.139999389648438
2023-05-26,26719.291015625,72.66999816894531,1944.0999755859375,4205.4501953125,17.950000762939453
2023-05-27,26868.353515625,,,,
2023-05-28,28085.646484375,,,,
2023-05-29,27745.884765625,,,,
2023-05-30,27702.349609375,69.45999908447266,1958.0,4205.52001953125,17.459999084472656
2023-05-31,27219.658203125,68.08999633789062,1963.9000244140625,4179.830078125,17.940000534057617
2023-06-01,26819.97265625,70.0999984741211,1978.0,4221.02001953125,15.649999618530273
2023-06-02,27249.58984375,71.73999786376953,1952.4000244140625,4282.3701171875,14.600000381469727
2023-06-03,27075.12890625,,,,
2023-06-04,27119.06640625,,,,
2023-06-05,25760.09765625,72.1500015258789,1958.0,4273.7900390625,14.729999542236328
2023-06-06,27238.783203125,71.73999786376953,1965.5,4283.85009765625,13.960000038146973
2023-06-07,26345.998046875,72.52999877929688,1942.699951171875,4267.52001953125,13.9399995803833
2023-06-08,26508.216796875,71.29000091552734,1963.5999755859375,4293.93017578125,13.649999618530273
2023-06-09,26480.375,70.16999816894531,1962.199951171875,4298.85986328125,13.829999923706055
2023-06-10,25851.240234375,,,,
2023-06-11,25940.16796875,,,,
2023-06-12,25902.5,67.12000274658203,1955.300048828125,4338.93017578125,15.010000228881836
2023-06-13,25918.728515625,69.41999816894531,1944.5999755859375,4369.009765625,14.609999656677246
2023-06-14,25124.67578125,68.2699966430664,1955.300048828125,4372.58984375,13.880000114440918
2023-06-15,25576.39453125,70.62000274658203,1957.800048828125,4425.83984375,14.5
2023-06-16,26327.462890625,71.77999877929688,1958.4000244140625,4409.58984375,13.539999961853027
2023-06-17,26510.67578125,,,,
2023-06-18,26336.212890625,,,,
2023-06-19,26851.029296875,,,,
2023-06-20,28327.48828125,70.5,1935.5,4388.7099609375,13.880000114440918
2023-06-21,30027.296875,72.52999877929688,1933.300048828125,4365.68994140625,13.199999809265137
2023-06-22,29912.28125,69.51000213623047,1912.699951171875,4381.89013671875,12.90999984741211
2023-06-23,30695.46875,69.16000366210938,1919.0999755859375,4348.330078125,13.4399995803833
2023-06-24,30548.6953125,,,,
2023-06-25,30480.26171875,,,,
2023-06-26,30271.130859375,69.37000274658203,1923.699951171875,4328.81982421875,14.25
2023-06-27,30688.1640625,67.69999694824219,1914.0,4378.41015625,13.739999771118164
2023-06-28,30086.24609375,69.55999755859375,1912.300048828125,4376.85986328125,13.430000305175781
2023-06-29,30445.3515625,69.86000061035156,1909.199951171875,4396.43994140625,13.539999961853027
2023-06-30,30477.251953125,70.63999938964844,1921.0999755859375,4450.3798828125,13.59000015258789
2023-07-01,30590.078125,,,,
2023-07-02,30620.76953125,,,,
2023-07-03,31156.439453125,69.79000091552734,1921.699951171875,4455.58984375,13.569999694824219
2023-07-04,30777.58203125,,,,
2023-07-05,30514.166015625,71.79000091552734,1919.5999755859375,4446.81982421875,14.180000305175781
2023-07-06,29909.337890625,71.80000305175781,1908.699951171875,4411.58984375,15.4399995803833
2023-07-07,30342.265625,73.86000061035156,1926.199951171875,4398.9501953125,14.829999923706055
2023-07-08,30292.541015625,,,,
2023-07-09,30171.234375,,,,
2023-07-10,30414.470703125,72.98999786376953,1925.0,4409.52978515625,15.069999694824219
2023-07-11,30620.951171875,74.83000183105469,1931.300048828125,4439.259765625,14.84000015258789
2023-07-12,30391.646484375,75.75,1956.199951171875,4472.16015625,13.539999961853027
2023-07-13,31476.048828125,76.88999938964844,1959.199951171875,4510.0400390625,13.609999656677246
2023-07-14,30334.068359375,75.41999816894531,1960.0999755859375,4505.419921875,13.34000015258789
2023-07-15,30295.806640625,,,,
2023-07-16,30249.1328125,,,,
2023-07-17,30145.888671875,74.1500015258789,1952.4000244140625,4522.7900390625,13.479999542236328
2023-07-18,29856.5625,75.75,1977.199951171875,4554.97998046875,13.300000190734863
2023-07-19,29913.923828125,75.3499984741211,1977.5,4565.72021484375,13.760000228881836
2023-07-20,29792.015625,75.62999725341797,1968.300048828125,4534.8701171875,13.989999771118164
2023-07-21,29908.744140625,77.06999969482422,1964.300048828125,4536.33984375,13.600000381469727
2023-07-22,29771.802734375,,,,
2023-07-23,30084.5390625,,,,
2023-07-24,29176.916015625,78.73999786376953,1960.300048828125,4554.64013671875,13.90999984741211
2023-07-25,29227.390625,79.62999725341797,1962.0999755859375,4567.4599609375,13.859999656677246
2023-07-26,29354.97265625,78.77999877929688,1968.9000244140625,4566.75,13.1899995803833
2023-07-27,29210.689453125,80.08999633789062,1945.4000244140625,4537.41015625,14.40999984741211
2023-07-28,29319.24609375,80.58000183105469,1960.4000244140625,4582.22998046875,13.329999923706055
2023-07-29,29356.91796875,,,,
2023-07-30,29275.30859375,,,,
2023-07-31,29230.111328125,81.80000305175781,1970.5,4588.9599609375,13.630000114440918
2023-08-01,29675.732421875,81.37000274658203,1940.699951171875,4576.72998046875,13.930000305175781
2023-08-02,29151.958984375,79.48999786376953,1937.4000244140625,4513.39013671875,16.09000015258789
2023-08-03,29178.6796875,81.55000305175781,1932.0,4501.89013671875,15.920000076293945
2023-08-04,29074.091796875,82.81999969482422,1939.5999755859375,4478.02978515625,17.100000381469727
2023-08-05,29042.126953125,,,,
2023-08-06,29041.85546875,,,,
2023-08-07,29180.578125,81.94000244140625,1933.5,4518.43994140625,15.770000457763672
2023-08-08,29765.4921875,82.91999816894531,1924.0999755859375,4499.3798828125,15.989999771118164
2023-08-09,29561.494140625,84.4000015258789,1915.4000244140625,4467.7099609375,15.960000038146973
2023-08-10,29429.591796875,82.81999969482422,1914.4000244140625,4468.830078125,15.850000381469727
2023-08-11,29397.71484375,83.19000244140625,1912.9000244140625,4464.0498046875,14.84000015258789
2023-08-12,29415.96484375,,,,
2023-08-13,29282.9140625,,,,
2023-08-14,29408.443359375,82.51000213623047,1910.5999755859375,4489.72021484375,14.819999694824219
2023-08-15,29170.34765625,80.98999786376953,1902.5,4437.85986328125,16.459999084472656
2023-08-16,28701.779296875,79.37999725341797,1896.0999755859375,4404.330078125,16.780000686645508
2023-08-17,26664.55078125,80.38999938964844,1884.0999755859375,4370.35986328125,17.889999389648438
2023-08-18,26049.556640625,81.25,1886.0999755859375,4369.7099609375,17.299999237060547
2023-08-19,26096.205078125,,,,
2023-08-20,26189.583984375,,,,
2023-08-21,26124.140625,80.72000122070312,1893.300048828125,4399.77001953125,17.1299991607666
2023-08-22,26031.65625,80.3499984741211,1896.4000244140625,4387.5498046875,16.969999313354492
2023-08-23,26431.640625,78.88999938964844,1918.5,4436.009765625,15.979999542236328
2023-08-24,26162.373046875,79.05000305175781,1918.199951171875,4376.31005859375,17.200000762939453
2023-08-25,26047.66796875,79.83000183105469,1911.0999755859375,4405.7099609375,15.680000305175781
2023-08-26,26008.462890625,,,,
2023-08-27,26089.693359375,,,,
2023-08-28,26106.150390625,80.0999984741211,1917.9000244140625,4433.31005859375,15.079999923706055
2023-08-29,27727.392578125,81.16000366210938,1936.5,4497.6298828125,14.449999809265137
2023-08-30,27297.265625,81.62999725341797,1944.300048828125,4514.8701171875,13.880000114440918
2023-08-31,25931.47265625,83.62999725341797,1938.199951171875,4507.66015625,13.569999694824219
2023-09-01,25800.724609375,85.55000305175781,1939.800048828125,4515.77001953125,13.09000015258789
2023-09-02,25868.798828125,,,,
2023-09-03,25969.56640625,,,,
2023-09-04,25812.416015625,,,,
2023-09-05,25779.982421875,86.69000244140625,1926.199951171875,4496.830078125,14.010000228881836
2023-09-06,25753.236328125,87.54000091552734,1918.0999755859375,4465.47998046875,14.449999809265137
2023-09-07,26240.1953125,86.87000274658203,1917.5,4451.14013671875,14.399999618530273
2023-09-08,25905.654296875,87.51000213623047,1918.4000244140625,4457.490234375,13.84000015258789
2023-09-09,25895.677734375,,,,
2023-09-10,25832.2265625,,,,
2023-09-11,25162.654296875,87.29000091552734,1923.300048828125,4487.4599609375,13.800000190734863
2023-09-12,25833.34375,88.83999633789062,1911.300048828125,4461.89990234375,14.229999542236328
2023-09-13,26228.32421875,88.5199966430664,1909.0999755859375,4467.43994140625,13.479999542236328
2023-09-14,26539.673828125,90.16000366210938,1910.0,4505.10009765625,12.819999694824219
2023-09-15,26608.693359375,90.7699966430664,1923.699951171875,4450.31982421875,13.789999961853027
2023-09-16,26568.28125,,,,
2023-09-17,26534.1875,,,,
2023-09-18,26754.28125,91.4800033569336,1931.5,4453.52978515625,14.0
2023-09-19,27211.1171875,91.19999694824219,1932.0,4443.9501953125,14.109999656677246
2023-09-20,27132.0078125,90.27999877929688,1945.5999755859375,4402.2001953125,15.140000343322754
2023-09-21,26567.6328125,89.62999725341797,1919.199951171875,4330.0,17.540000915527344
2023-09-22,26579.568359375,90.02999877929688,1925.4000244140625,4320.06005859375,17.200000762939453
2023-09-23,26579.390625,,,,
2023-09-24,26256.826171875,,,,
2023-09-25,26298.48046875,89.68000030517578,1916.5999755859375,4337.43994140625,16.899999618530273
2023-09-26,26217.25,90.38999938964844,1900.4000244140625,4273.52978515625,18.940000534057617
2023-09-27,26352.716796875,93.68000030517578,1871.5999755859375,4274.509765625,18.219999313354492
2023-09-28,27021.546875,91.70999908447266,1860.4000244140625,4299.7001953125,17.34000015258789
2023-09-29,26911.720703125,90.79000091552734,1848.0999755859375,4288.0498046875,17.520000457763672
2023-09-30,26967.916015625,,,,
2023-10-01,27983.75,,,,
2023-10-02,27530.78515625,88.81999969482422,1830.0,4288.39013671875,17.610000610351562
2023-10-03,27429.978515625,89.2300033569336,1824.5999755859375,4229.4501953125,19.780000686645508
2023-10-04,27799.39453125,84.22000122070312,1818.5,4263.75,18.579999923706055
2023-10-05,27415.912109375,82.30999755859375,1816.5999755859375,4258.18994140625,18.489999771118164
2023-10-06,27946.59765625,82.79000091552734,1830.199951171875,4308.5,17.450000762939453
2023-10-07,27968.83984375,,,,
2023-10-08,27935.08984375,,,,
2023-10-09,27583.677734375,86.37999725341797,1849.5,4335.66015625,17.700000762939453
2023-10-10,27391.01953125,85.97000122070312,1861.0,4358.240234375,17.030000686645508
2023-10-11,26873.3203125,83.48999786376953,1872.800048828125,4376.9501953125,16.09000015258789
2023-10-12,26756.798828125,82.91000366210938,1869.300048828125,4349.60986328125,16.690000534057617
2023-10-13,26862.375,87.69000244140625,1927.4000244140625,4327.77978515625,19.31999969482422
2023-10-14,26861.70703125,,,,
2023-10-15,27159.65234375,,,,
2023-10-16,28519.466796875,86.66000366210938,1921.0999755859375,4373.6298828125,17.209999084472656
2023-10-17,28415.748046875,86.66000366210938,1922.699951171875,4373.2001953125,17.8799991607666
2023-10-18,28328.341796875,88.31999969482422,1955.300048828125,4314.60009765625,19.219999313354492
2023-10-19,28719.806640625,89.37000274658203,1968.4000244140625,4278.0,21.399999618530273
2023-10-20,29682.94921875,88.75,1982.5,4224.16015625,21.709999084472656
2023-10-21,29918.412109375,,,,
2023-10-22,29993.896484375,,,,
2023-10-23,33086.234375,85.48999786376953,1976.300048828125,4217.0400390625,20.3700008392334
2023-10-24,33901.52734375,83.73999786376953,1975.0,4247.68017578125,18.969999313354492
2023-10-25,34502.8203125,85.38999938964844,1984.0999755859375,4186.77001953125,20.190000534057617
2023-10-26,34156.6484375,83.20999908447266,1987.199951171875,4137.22998046875,20.68000030517578
2023-10-27,33909.80078125,85.54000091552734,1988.5999755859375,4117.3701171875,21.270000457763672
2023-10-28,34089.57421875,,,,
2023-10-29,34538.48046875,,,,
2023-10-30,34502.36328125,82.30999755859375,1996.199951171875,4166.81982421875,19.75
2023-10-31,34667.78125,81.0199966430664,1985.199951171875,4193.7998046875,18.139999389648438
2023-11-01,35437.25390625,80.44000244140625,1978.800048828125,4237.85986328125,16.8700008392334
2023-11-02,34938.2421875,82.45999908447266,1985.5999755859375,4317.77978515625,15.65999984741211
2023-11-03,34732.32421875,80.51000213623047,1991.5,4358.33984375,14.90999984741211
2023-11-04,35082.1953125,,,,
2023-11-05,35049.35546875,,,,
2023-11-06,35037.37109375,80.81999969482422,1981.5999755859375,4365.97998046875,14.890000343322754
2023-11-07,35443.5625,77.37000274658203,1966.800048828125,4378.3798828125,14.8100004196167
2023-11-08,35655.27734375,75.33000183105469,1951.5,4382.77978515625,14.449999809265137
2023-11-09,36693.125,75.73999786376953,1964.199951171875,4347.35009765625,15.289999961853027
2023-11-10,37313.96875,77.16999816894531,1932.5999755859375,4415.240234375,14.170000076293945
2023-11-11,37138.05078125,,,,
2023-11-12,37054.51953125,,,,
2023-11-13,36502.35546875,78.26000213623047,1945.5,4411.5498046875,14.760000228881836
2023-11-14,35537.640625,78.26000213623047,1961.800048828125,4495.7001953125,14.15999984741211
2023-11-15,37880.58203125,76.66000366210938,1960.0999755859375,4502.8798828125,14.180000305175781
2023-11-16,36154.76953125,72.9000015258789,1983.9000244140625,4508.240234375,14.319999694824219
2023-11-17,36596.68359375,75.88999938964844,1981.5999755859375,4514.02001953125,13.800000190734863
2023-11-18,36585.703125,,,,
2023-11-19,37386.546875,,,,
2023-11-20,37476.95703125,77.5999984741211,1977.699951171875,4547.3798828125,13.40999984741211
2023-11-21,35813.8125,77.7699966430664,1999.300048828125,4538.18994140625,13.350000381469727
2023-11-22,37432.33984375,77.0999984741211,1991.4000244140625,4556.6201171875,12.850000381469727
2023-11-23,37289.62109375,,,,
2023-11-24,37720.28125,75.54000091552734,2002.199951171875,4559.33984375,12.460000038146973
2023-11-25,37796.79296875,,,,
2023-11-26,37479.12109375,,,,
2023-11-27,37254.16796875,74.86000061035156,2011.800048828125,4550.43017578125,12.6899995803833
2023-11-28,37831.0859375,76.41000366210938,2039.699951171875,4554.89013671875,12.6899995803833
2023-11-29,37858.4921875,77.86000061035156,2047.0999755859375,4550.580078125,12.979999542236328
2023-11-30,37712.74609375,75.95999908447266,2038.0999755859375,4567.7998046875,12.920000076293945
2023-12-01,38688.75,74.06999969482422,2071.0,4594.6298828125,12.630000114440918
2023-12-02,39476.33203125,,,,
2023-12-03,39978.390625,,,,
2023-12-04,41980.09765625,73.04000091552734,2024.0999755859375,4569.77978515625,13.079999923706055
2023-12-05,44080.6484375,72.31999969482422,2018.5,4567.18017578125,12.850000381469727
2023-12-06,43746.4453125,69.37999725341797,2030.5,4549.33984375,12.970000267028809
2023-12-07,43292.6640625,69.33999633789062,2029.9000244140625,4585.58984375,13.0600004196167
2023-12-08,44166.6015625,71.2300033569336,1998.300048828125,4604.3701171875,12.350000381469727
2023-12-09,43725.984375,,,,
2023-12-10,43779.69921875,,,,
2023-12-11,41243.83203125,71.31999969482422,1978.0,4622.43994140625,12.630000114440918
2023-12-12,41450.22265625,68.61000061035156,1977.800048828125,4643.7001953125,12.069999694824219
2023-12-13,42890.7421875,69.47000122070312,1982.300048828125,4707.08984375,12.1899995803833
2023-12-14,43023.97265625,71.58000183105469,2030.199951171875,4719.5498046875,12.479999542236328
2023-12-15,41929.7578125,71.43000030517578,2021.0999755859375,4719.18994140625,12.279999732971191
2023-12-16,42240.1171875,,,,
2023-12-17,41364.6640625,,,,
2023-12-18,42623.5390625,72.47000122070312,2026.300048828125,4740.56005859375,12.5600004196167
2023-12-19,42270.52734375,73.44000244140625,2038.4000244140625,4768.3701171875,12.529999732971191
2023-12-20,43652.25,74.22000122070312,2034.5,4698.35009765625,13.670000076293945
2023-12-21,43869.15234375,73.88999938964844,2039.0999755859375,4746.75,13.649999618530273
2023-12-22,43997.90234375,73.55999755859375,2057.10009765625,4754.6298828125,13.029999732971191
2023-12-23,43739.54296875,,,,
2023-12-24,43016.1171875,,,,
2023-12-25,43613.140625,,,,
2023-12-26,42520.40234375,75.56999969482422,2058.199951171875,4774.75,12.989999771118164
2023-12-27,43442.85546875,74.11000061035156,2081.89990234375,4781.580078125,12.430000305175781
2023-12-28,42627.85546875,71.7699966430664,2073.89990234375,4783.35009765625,12.470000267028809
2023-12-29,42099.40234375,71.6500015258789,2062.39990234375,4769.830078125,12.449999809265137
2023-12-30,42156.90234375,,,,
2023-12-31,42265.1875,,,,
2024-01-01,44167.33203125,,,,
2024-01-02,44957.96875,70.37999725341797,2064.39990234375,4742.830078125,13.199999809265137
2024-01-03,42848.17578125,72.69999694824219,2034.199951171875,4704.81005859375,14.039999961853027
2024-01-04,44179.921875,72.19000244140625,2042.300048828125,4688.68017578125,14.130000114440918
2024-01-05,44162.69140625,73.80999755859375,2042.4000244140625,4697.240234375,13.350000381469727
2024-01-06,43989.1953125,,,,
2024-01-07,43943.09765625,,,,
2024-01-08,46970.50390625,70.7699966430664,2026.5999755859375,4763.5400390625,13.079999923706055
2024-01-09,46139.73046875,72.23999786376953,2026.4000244140625,4756.5,12.760000228881836
2024-01-10,46627.77734375,71.37000274658203,2021.699951171875,4783.4501953125,12.6899995803833
2024-01-11,46368.5859375,72.0199966430664,2014.300048828125,4780.240234375,12.4399995803833
2024-01-12,42853.16796875,72.68000030517578,2046.699951171875,4783.830078125,12.699999809265137
2024-01-13,42842.3828125,,,,
2024-01-14,41796.26953125,,,,
2024-01-15,42511.96875,,,,
2024-01-16,43154.9453125,72.4000015258789,2026.0,4765.97998046875,13.84000015258789
2024-01-17,42742.65234375,72.55999755859375,2002.5999755859375,4739.2099609375,14.789999961853027
2024-01-18,41262.05859375,74.08000183105469,2018.5999755859375,4780.93994140625,14.130000114440918
2024-01-19,41618.40625,73.41000366210938,2026.5,4839.81005859375,13.300000190734863
2024-01-20,41665.5859375,,,,
2024-01-21,41545.78515625,,,,
2024-01-22,39507.3671875,75.19000244140625,2019.800048828125,4850.43017578125,13.1899995803833
2024-01-23,39845.55078125,74.37000274658203,2023.699951171875,4864.60009765625,12.550000190734863
2024-01-24,40077.07421875,75.08999633789062,2013.9000244140625,4868.5498046875,13.140000343322754
2024-01-25,39933.80859375,77.36000061035156,2016.9000244140625,4894.16015625,13.449999809265137
2024-01-26,41816.87109375,78.01000213623047,2016.800048828125,4890.97021484375,13.260000228881836
2024-01-27,42120.0546875,,,,
2024-01-28,42035.59375,,,,
2024-01-29,43288.24609375,76.77999877929688,2025.199951171875,4927.93017578125,13.600000381469727
2024-01-30,42952.609375,77.81999969482422,2031.5,4924.97021484375,13.3100004196167
2024-01-31,42582.60546875,75.8499984741211,2048.39990234375,4845.64990234375,14.350000381469727
2024-02-01,43075.7734375,73.81999969482422,2053.0,4906.18994140625,13.880000114440918
2024-02-02,43185.859375,72.27999877929688,2036.0999755859375,4958.60986328125,13.850000381469727
2024-02-03,42992.25,,,,
2024-02-04,42583.58203125,,,,
2024-02-05,42658.66796875,72.77999877929688,2025.699951171875,4942.81005859375,13.670000076293945
2024-02-06,43084.671875,73.30999755859375,2034.5,4954.22998046875,13.0600004196167
2024-02-07,44318.22265625,73.86000061035156,2035.199951171875,4995.06005859375,12.829999923706055
2024-02-08,45301.56640625,76.22000122070312,2032.199951171875,4997.91015625,12.789999961853027
2024-02-09,47147.19921875,76.83999633789062,2023.300048828125,5026.60986328125,12.930000305175781
2024-02-10,47771.27734375,,,,
2024-02-11,48293.91796875,,,,
2024-02-12,49958.22265625,76.91999816894531,2018.199951171875,5021.83984375,13.930000305175781
2024-02-13,49742.44140625,77.87000274658203,1992.9000244140625,4953.169921875,15.850000381469727
2024-02-14,51826.6953125,76.63999938964844,1990.300048828125,5000.6201171875,14.380000114440918
2024-02-15,51938.5546875,78.02999877929688,2002.0999755859375,5029.72998046875,14.010000228881836
2024-02-16,52160.203125,79.19000244140625,2011.5,5005.56982421875,14.239999771118164
2024-02-17,51662.99609375,,,,
2024-02-18,52122.546875,,,,
2024-02-19,51779.14453125,,,,
2024-02-20,52284.875,78.18000030517578,2027.5,4975.509765625,15.420000076293945
2024-02-21,51839.1796875,77.91000366210938,2022.300048828125,4981.7998046875,15.34000015258789
2024-02-22,51304.97265625,78.61000061035156,2019.699951171875,5087.02978515625,14.539999961853027
2024-02-23,50731.94921875,76.48999786376953,2038.5999755859375,5088.7998046875,13.75
2024-02-24,51571.1015625,,,,
2024-02-25,51733.23828125,,,,
2024-02-26,54522.40234375,77.58000183105469,2028.5,5069.52978515625,13.739999771118164
2024-02-27,57085.37109375,78.87000274658203,2034.0,5078.18017578125,13.430000305175781
2024-02-28,62504.7890625,78.54000091552734,2033.0,5069.759765625,13.84000015258789
2024-02-29,61198.3828125,78.26000213623047,2045.699951171875,5096.27001953125,13.399999618530273
2024-03-01,62440.6328125,79.97000122070312,2086.89990234375,5137.080078125,13.109999656677246
2024-03-02,62029.84765625,,,,
2024-03-03,63167.37109375,,,,
2024-03-04,68330.4140625,78.73999786376953,2117.699951171875,5130.9501953125,13.489999771118164
2024-03-05,63801.19921875,78.1500015258789,2133.5,5078.64990234375,14.460000038146973
2024-03-06,66106.8046875,79.12999725341797,2150.300048828125,5104.759765625,14.5
2024-03-07,66925.484375,78.93000030517578,2158.0,5157.35986328125,14.4399995803833
2024-03-08,68300.09375,78.01000213623047,2178.60009765625,5123.68994140625,14.739999771118164
2024-03-09,68498.8828125,,,,
2024-03-10,69019.7890625,,,,
2024-03-11,72123.90625,77.93000030517578,2182.5,5117.93994140625,15.220000267028809
2024-03-12,71481.2890625,77.55999755859375,2160.39990234375,5175.27001953125,13.84000015258789
2024-03-13,73083.5,79.72000122070312,2175.39990234375,5165.31005859375,13.75
2024-03-14,71396.59375,81.26000213623047,2163.0,5150.47998046875,14.399999618530273
2024-03-15,69403.7734375,81.04000091552734,2157.300048828125,5117.08984375,14.40999984741211
2024-03-16,65315.1171875,,,,
2024-03-17,68390.625,,,,
2024-03-18,67548.59375,82.72000122070312,2160.699951171875,5149.419921875,14.329999923706055
2024-03-19,61912.7734375,83.47000122070312,2156.300048828125,5178.509765625,13.819999694824219
2024-03-20,67913.671875,81.68000030517578,2157.89990234375,5224.6201171875,13.039999961853027
2024-03-21,65491.390625,81.06999969482422,2182.39990234375,5241.52978515625,12.920000076293945
2024-03-22,63778.76171875,80.62999725341797,2158.10009765625,5234.18017578125,13.0600004196167
2024-03-23,64062.203125,,,,
2024-03-24,67234.171875,,,,
2024-03-25,69958.8125,81.94999694824219,2174.800048828125,5218.18994140625,13.1899995803833
2024-03-26,69987.8359375,81.62000274658203,2175.60009765625,5203.580078125,13.239999771118164
2024-03-27,69455.34375,81.3499984741211,2190.60009765625,5248.490234375,12.779999732971191
2024-03-28,70744.953125,83.16999816894531,2217.39990234375,5254.35009765625,13.010000228881836
2024-03-29,69892.828125,,,,
2024-03-30,69645.3046875,,,,
2024-03-31,71333.6484375,,,,
2024-04-01,69702.1484375,83.70999908447266,2236.5,5243.77001953125,13.649999618530273
2024-04-02,65446.97265625,85.1500015258789,2261.0,5205.81005859375,14.609999656677246
2024-04-03,65980.8125,85.43000030517578,2294.39990234375,5211.490234375,14.329999923706055
2024-04-04,68508.84375,86.58999633789062,2288.800048828125,5147.2099609375,16.350000381469727
2024-04-05,67837.640625,86.91000366210938,2325.699951171875,5204.33984375,16.030000686645508
2024-04-06,68896.109375,,,,
2024-04-07,69362.5546875,,,,
2024-04-08,71631.359375,86.43000030517578,2331.699951171875,5202.39013671875,15.1899995803833
2024-04-09,69139.015625,85.2300033569336,2343.5,5209.91015625,14.979999542236328
2024-04-10,70587.8828125,86.20999908447266,2329.60009765625,5160.64013671875,15.800000190734863
2024-04-11,70060.609375,85.0199966430664,2354.800048828125,5199.06005859375,14.90999984741211
2024-04-12,67195.8671875,85.66000366210938,2356.199951171875,5123.41015625,17.309999465942383
2024-04-13,63821.47265625,,,,
2024-04-14,65738.7265625,,,,
2024-04-15,63426.2109375,85.41000366210938,2365.800048828125,5061.81982421875,19.229999542236328
2024-04-16,63811.86328125,85.36000061035156,2390.800048828125,5051.41015625,18.399999618530273
2024-04-17,61276.69140625,82.69000244140625,2371.699951171875,5022.2099609375,18.209999084472656
2024-04-18,63512.75390625,82.7300033569336,2382.300048828125,5011.1201171875,18.0
2024-04-19,63843.5703125,83.13999938964844,2398.39990234375,4967.22998046875,18.709999084472656
2024-04-20,64994.44140625,,,,
2024-04-21,64926.64453125,,,,
2024-04-22,66837.6796875,82.8499984741211,2332.199951171875,5010.60009765625,16.940000534057617
2024-04-23,66407.2734375,83.36000061035156,2327.699951171875,5070.5498046875,15.6899995803833
2024-04-24,64276.8984375,82.80999755859375,2324.5,5071.6298828125,15.970000267028809
2024-04-25,64481.70703125,83.56999969482422,2329.800048828125,5048.419921875,15.369999885559082
2024-04-26,63755.3203125,83.8499984741211,2334.800048828125,5099.9599609375,15.029999732971191
2024-04-27,63419.140625,,,,
2024-04-28,63113.23046875,,,,
2024-04-29,63841.12109375,82.62999725341797,2345.39990234375,5116.169921875,14.670000076293945
2024-04-30,60636.85546875,81.93000030517578,2291.39990234375,5035.68994140625,15.649999618530273
2024-05-01,58254.01171875,79.0,2299.89990234375,5018.39013671875,15.390000343322754
2024-05-02,59123.43359375,78.94999694824219,2299.199951171875,5064.2001953125,14.680000305175781
2024-05-03,62889.8359375,78.11000061035156,2299.0,5127.7900390625,13.489999771118164
2024-05-04,63891.47265625,,,,
2024-05-05,64031.1328125,,,,
2024-05-06,63161.94921875,78.4800033569336,2321.60009765625,5180.740234375,13.489999771118164
2024-05-07,62334.81640625,78.37999725341797,2315.199951171875,5187.7001953125,13.229999542236328
2024-05-08,61187.94140625,78.98999786376953,2313.60009765625,5187.669921875,13.0
2024-05-09,63049.9609375,79.26000213623047,2332.10009765625,5214.080078125,12.6899995803833
2024-05-10,60792.77734375,78.26000213623047,2367.300048828125,5222.68017578125,12.550000190734863
2024-05-11,60793.7109375,,,,
2024-05-12,61448.39453125,,,,
2024-05-13,62901.44921875,79.12000274658203,2336.10009765625,5221.419921875,13.600000381469727
2024-05-14,61552.7890625,78.0199966430664,2353.39990234375,5246.68017578125,13.420000076293945
2024-05-15,66267.4921875,78.62999725341797,2388.699951171875,5308.14990234375,12.449999809265137
2024-05-16,65231.58203125,79.2300033569336,2380.0,5297.10009765625,12.420000076293945
2024-05-17,67051.875,80.05999755859375,2412.199951171875,5303.27001953125,11.989999771118164
2024-05-18,66940.8046875,,,,
2024-05-19,66278.3671875,,,,
2024-05-20,71448.1953125,79.80000305175781,2433.89990234375,5308.1298828125,12.149999618530273
2024-05-21,70136.53125,79.26000213623047,2421.699951171875,5321.41015625,11.859999656677246
2024-05-22,69122.3359375,77.56999969482422,2389.199951171875,5307.009765625,12.289999961853027
2024-05-23,67929.5625,76.87000274658203,2335.0,5267.83984375,12.770000457763672
2024-05-24,68526.1015625,77.72000122070312,2332.5,5304.72021484375,11.930000305175781
2024-05-25,69265.9453125,,,,
2024-05-26,68518.09375,,,,
2024-05-27,69394.5546875,,,,
2024-05-28,68296.21875,79.83000183105469,2355.199951171875,5306.0400390625,12.920000076293945
2024-05-29,67578.09375,79.2300033569336,2340.300048828125,5266.9501953125,14.279999732971191
2024-05-30,68364.9921875,77.91000366210938,2342.89990234375,5235.47998046875,14.470000267028809
2024-05-31,67491.4140625,76.98999786376953,2322.89990234375,5277.509765625,12.920000076293945
2024-06-01,67706.9375,,,,
2024-06-02,67751.6015625,,,,
2024-06-03,68804.78125,74.22000122070312,2346.60009765625,5283.39990234375,13.109999656677246
2024-06-04,70567.765625,73.25,2325.5,5291.33984375,13.15999984741211
2024-06-05,71082.8203125,74.06999969482422,2354.10009765625,5354.02978515625,12.630000114440918
2024-06-06,70757.1640625,75.55000305175781,2370.300048828125,5352.9599609375,12.579999923706055
2024-06-07,69342.5859375,75.52999877929688,2305.199951171875,5346.990234375,12.220000267028809
2024-06-08,69305.7734375,,,,
2024-06-09,69647.9921875,,,,
2024-06-10,69512.28125,77.73999786376953,2307.699951171875,5360.7900390625,12.739999771118164
2024-06-11,67332.03125,77.9000015258789,2307.5,5375.31982421875,12.850000381469727
2024-06-12,68241.1875,78.5,2336.0,5421.02978515625,12.039999961853027
2024-06-13,66756.3984375,78.62000274658203,2300.199951171875,5433.740234375,11.9399995803833
2024-06-14,66011.09375,78.44999694824219,2331.39990234375,5431.60009765625,12.65999984741211
2024-06-15,66191.0,,,,
2024-06-16,66639.046875,,,,
2024-06-17,66490.296875,80.33000183105469,2312.39990234375,5473.22998046875,12.75
2024-06-18,65140.74609375,81.56999969482422,2330.39990234375,5487.02978515625,12.300000190734863
2024-06-19,64960.296875,,,,
2024-06-20,64828.65625,82.16999816894531,2353.800048828125,5473.169921875,13.279999732971191
2024-06-21,64096.19921875,80.7300033569336,2316.39990234375,5464.6201171875,13.199999809265137
2024-06-22,64252.578125,,,,
2024-06-23,63180.796875,,,,
2024-06-24,60277.4140625,81.62999725341797,2330.0,5447.8701171875,13.329999923706055
2024-06-25,61804.640625,80.83000183105469,2316.60009765625,5469.2998046875,12.84000015258789
2024-06-26,60811.27734375,80.9000015258789,2299.199951171875,5477.89990234375,12.550000190734863
2024-06-27,61604.80078125,81.73999786376953,2324.5,5482.8701171875,12.239999771118164
2024-06-28,60320.13671875,81.54000091552734,2327.699951171875,5460.47998046875,12.4399995803833
2024-06-29,60887.37890625,,,,
2024-06-30,62678.29296875,,,,
2024-07-01,62851.98046875,83.37999725341797,2327.60009765625,5475.08984375,12.220000267028809
2024-07-02,62029.015625,82.80999755859375,2323.0,5509.009765625,12.029999732971191
2024-07-03,60173.921875,83.87999725341797,2359.800048828125,5537.02001953125,12.09000015258789
2024-07-04,56977.703125,,,,
2024-07-05,56662.375,83.16000366210938,2388.5,5567.18994140625,12.479999542236328
2024-07-06,58303.5390625,,,,
2024-07-07,55849.109375,,,,
2024-07-08,56705.09765625,82.33000183105469,2355.199951171875,5572.85009765625,12.369999885559082
2024-07-09,58009.2265625,81.41000366210938,2360.10009765625,5576.97998046875,12.510000228881836
2024-07-10,57742.49609375,82.0999984741211,2372.199951171875,5633.91015625,12.850000381469727
2024-07-11,57344.9140625,82.62000274658203,2415.0,5584.5400390625,12.920000076293945
2024-07-12,57899.46484375,82.20999908447266,2414.0,5615.35009765625,12.460000038146973
2024-07-13,59231.953125,,,,
2024-07-14,60787.79296875,,,,
2024-07-15,64870.15234375,81.91000366210938,2422.89990234375,5631.22021484375,13.119999885559082
2024-07-16,65097.1484375,80.76000213623047,2462.39990234375,5667.2001953125,13.1899995803833
2024-07-17,64118.79296875,82.8499984741211,2454.800048828125,5588.27001953125,14.479999542236328
2024-07-18,63974.06640625,82.81999969482422,2451.800048828125,5544.58984375,15.930000305175781
2024-07-19,66710.15625,80.12999725341797,2395.5,5505.0,16.520000457763672
2024-07-20,67163.6484375,,,,
2024-07-21,68154.5234375,,,,
2024-07-22,67585.25,79.77999877929688,2392.0,5564.41015625,14.90999984741211
2024-07-23,65927.671875,76.95999908447266,2404.60009765625,5555.740234375,14.720000267028809
2024-07-24,65372.1328125,77.58999633789062,2413.300048828125,5427.1298828125,18.040000915527344
2024-07-25,65777.2265625,78.27999877929688,2351.89990234375,5399.22021484375,18.459999084472656
2024-07-26,67912.0625,77.16000366210938,2380.0,5459.10009765625,16.389999389648438
2024-07-27,67813.3359375,,,,
2024-07-28,68255.8671875,,,,
2024-07-29,66819.9140625,75.80999755859375,2377.300048828125,5463.5400390625,16.600000381469727
2024-07-30,66201.015625,74.7300033569336,2405.0,5436.43994140625,17.690000534057617
2024-07-31,64619.25,77.91000366210938,2426.5,5522.2998046875,16.360000610351562
2024-08-01,65357.5,76.30999755859375,2435.0,5446.68017578125,18.59000015258789
2024-08-02,61415.06640625,73.5199966430664,2425.699951171875,5346.56005859375,23.389999389648438
2024-08-03,60680.09375,,,,
2024-08-04,58116.9765625,,,,
2024-08-05,53991.45703125,72.94000244140625,2401.699951171875,5186.330078125,38.56999969482422
2024-08-06,56034.31640625,73.19999694824219,2389.10009765625,5240.02978515625,27.709999084472656
2024-08-07,55027.4609375,75.2300033569336,2390.5,5199.5,27.850000381469727
2024-08-08,61710.13671875,76.19000244140625,2422.199951171875,5319.31005859375,23.790000915527344
2024-08-09,60880.11328125,76.83999633789062,2432.10009765625,5344.16015625,20.3700008392334
2024-08-10,60945.8125,,,,
2024-08-11,58719.484375,,,,
2024-08-12,59354.515625,80.05999755859375,2462.39990234375,5344.39013671875,20.709999084472656
2024-08-13,60609.56640625,78.3499984741211,2466.699951171875,5434.43017578125,18.1200008392334
2024-08-14,58737.26953125,76.9800033569336,2439.39990234375,5455.2099609375,16.190000534057617
2024-08-15,57560.09765625,78.16000366210938,2453.10009765625,5543.22021484375,15.229999542236328
2024-08-16,58894.10546875,76.6500015258789,2498.60009765625,5554.25,14.800000190734863
2024-08-17,59478.97265625,,,,
2024-08-18,58483.96484375,,,,
2024-08-19,59493.453125,74.37000274658203,2501.800048828125,5608.25,14.649999618530273
2024-08-20,59012.79296875,74.04000091552734,2511.300048828125,5597.1201171875,15.880000114440918
2024-08-21,61175.19140625,71.93000030517578,2508.39990234375,5620.85009765625,16.270000457763672
2024-08-22,60381.9140625,73.01000213623047,2478.89990234375,5570.64013671875,17.549999237060547
2024-08-23,64094.35546875,74.83000183105469,2508.39990234375,5634.60986328125,15.859999656677246
2024-08-24,64178.9921875,,,,
2024-08-25,64333.54296875,,,,
2024-08-26,62880.66015625,77.41999816894531,2517.699951171875,5616.83984375,16.149999618530273
2024-08-27,59504.1328125,75.52999877929688,2516.0,5625.7998046875,15.430000305175781
2024-08-28,59027.625,74.5199966430664,2501.0,5592.18017578125,17.110000610351562
2024-08-29,59388.1796875,75.91000366210938,2525.699951171875,5591.9599609375,15.649999618530273
2024-08-30,59119.4765625,73.55000305175781,2493.800048828125,5648.39990234375,15.0
2024-08-31,58969.8984375,,,,
2024-09-01,57325.48828125,,,,
2024-09-02,59112.48046875,,,,
2024-09-03,57431.0234375,70.33999633789062,2489.89990234375,5528.93017578125,20.719999313354492
2024-09-04,57971.5390625,69.19999694824219,2493.39990234375,5520.06982421875,21.31999969482422
2024-09-05,56160.48828125,69.1500015258789,2511.39990234375,5503.41015625,19.899999618530273
2024-09-06,53948.75390625,67.66999816894531,2493.5,5408.419921875,22.3799991607666
2024-09-07,54139.6875,,,,
2024-09-08,54841.56640625,,,,
2024-09-09,57019.53515625,68.70999908447266,2501.800048828125,5471.0498046875,19.450000762939453
2024-09-10,57648.7109375,65.75,2512.300048828125,5495.52001953125,19.079999923706055
2024-09-11,57343.171875,67.30999755859375,2512.10009765625,5554.1298828125,17.690000534057617
2024-09-12,58127.01171875,68.97000122070312,2551.199951171875,5595.759765625,17.06999969482422
2024-09-13,60571.30078125,68.6500015258789,2581.300048828125,5626.02001953125,16.559999465942383
2024-09-14,60005.12109375,,,,
2024-09-15,59182.8359375,,,,
2024-09-16,58192.5078125,70.08999633789062,2580.39990234375,5633.08984375,17.139999389648438
2024-09-17,60308.5390625,71.19000244140625,2564.300048828125,5634.580078125,17.610000610351562
2024-09-18,61649.6796875,70.91000366210938,2570.699951171875,5618.259765625,18.229999542236328
2024-09-19,62940.45703125,71.94999694824219,2588.0,5713.64013671875,16.329999923706055
2024-09-20,63192.9765625,71.91999816894531,2619.89990234375,5702.5498046875,16.149999618530273
2024-09-21,63394.83984375,,,,
2024-09-22,63648.7109375,,,,
2024-09-23,63329.80078125,70.37000274658203,2626.5,5718.56982421875,15.890000343322754
2024-09-24,64301.96875,71.55999755859375,2651.199951171875,5732.93017578125,15.390000343322754
2024-09-25,63143.14453125,69.69000244140625,2659.199951171875,5722.259765625,15.40999984741211
2024-09-26,65181.01953125,67.66999816894531,2669.89990234375,5745.3701171875,15.369999885559082
2024-09-27,65790.6640625,68.18000030517578,2644.300048828125,5738.169921875,16.959999084472656
2024-09-28,65887.6484375,,,,
2024-09-29,65635.3046875,,,,
2024-09-30,63329.5,68.16999816894531,2636.10009765625,5762.47998046875,16.729999542236328
2024-10-01,60837.0078125,69.83000183105469,2667.300048828125,5708.75,19.260000228881836
2024-10-02,60632.78515625,70.0999984741211,2647.10009765625,5709.5400390625,18.899999618530273
2024-10-03,60759.40234375,73.70999908447266,2657.10009765625,5699.93994140625,20.489999771118164
2024-10-04,62067.4765625,74.37999725341797,2645.800048828125,5751.06982421875,19.209999084472656
2024-10-05,62089.94921875,,,,
2024-10-06,62818.953125,,,,
2024-10-07,62236.66015625,77.13999938964844,2644.800048828125,5695.93994140625,22.639999389648438
2024-10-08,62131.96875,73.56999969482422,2615.0,5751.1298828125,21.420000076293945
2024-10-09,60582.1015625,73.23999786376953,2606.0,5792.0400390625,20.860000610351562
2024-10-10,60274.5,75.8499984741211,2620.60009765625,5780.0498046875,20.93000030517578
2024-10-11,62445.08984375,75.55999755859375,2657.60009765625,5815.02978515625,20.459999084472656
2024-10-12,63193.0234375,,,,
2024-10-13,62851.375,,,,
2024-10-14,66046.125,73.83000183105469,2647.800048828125,5859.85009765625,19.700000762939453
2024-10-15,67041.109375,70.58000183105469,2661.39990234375,5815.259765625,20.639999389648438
2024-10-16,67612.71875,70.38999938964844,2674.0,5842.47021484375,19.579999923706055
2024-10-17,67399.8359375,70.66999816894531,2691.0,5841.47021484375,19.110000610351562
2024-10-18,68418.7890625,69.22000122070312,2713.699951171875,5864.669921875,18.030000686645508
2024-10-19,68362.734375,,,,
2024-10-20,69001.703125,,,,
2024-10-21,67367.8515625,70.55999755859375,2723.10009765625,5853.97998046875,18.3700008392334
2024-10-22,67361.40625,72.08999633789062,2744.199951171875,5851.2001953125,18.200000762939453
2024-10-23,66432.1953125,70.7699966430664,2714.39990234375,5797.419921875,19.239999771118164
2024-10-24,68161.0546875,70.19000244140625,2734.89990234375,5809.85986328125,19.079999923706055
2024-10-25,66642.4140625,71.77999877929688,2740.89990234375,5808.1201171875,20.329999923706055
2024-10-26,67014.6953125,,,,
2024-10-27,67929.296875,,,,
2024-10-28,69907.7578125,67.37999725341797,2742.89990234375,5823.52001953125,19.799999237060547
2024-10-29,72720.4921875,67.20999908447266,2768.39990234375,5832.919921875,19.34000015258789
2024-10-30,72339.5390625,68.61000061035156,2788.5,5813.669921875,20.350000381469727
2024-10-31,70215.1875,69.26000213623047,2738.300048828125,5705.4501953125,23.15999984741211
2024-11-01,69482.46875,69.48999786376953,2738.60009765625,5728.7998046875,21.8799991607666
2024-11-02,69289.2734375,,,,
2024-11-03,68741.1171875,,,,
2024-11-04,67811.5078125,71.47000122070312,2736.10009765625,5712.68994140625,21.979999542236328
2024-11-05,69359.5625,71.98999786376953,2740.300048828125,5782.759765625,20.489999771118164
2024-11-06,75639.078125,71.69000244140625,2667.60009765625,5929.0400390625,16.270000457763672
2024-11-07,75904.859375,72.36000061035156,2698.39990234375,5973.10009765625,15.199999809265137
2024-11-08,76545.4765625,70.37999725341797,2687.5,5995.5400390625,14.9399995803833
2024-11-09,76778.8671875,,,,
2024-11-10,80474.1875,,,,
2024-11-11,88701.484375,68.04000091552734,2611.199951171875,6001.35009765625,14.970000267028809
2024-11-12,87955.8125,68.12000274658203,2600.0,5983.990234375,14.710000038146973
2024-11-13,90584.1640625,68.43000030517578,2580.800048828125,5985.3798828125,14.020000457763672
2024-11-14,87250.4296875,68.69999694824219,2568.199951171875,5949.169921875,14.3100004196167
2024-11-15,91066.0078125,67.0199966430664,2565.699951171875,5870.6201171875,16.139999389648438
2024-11-16,90558.4765625,,,,
2024-11-17,89845.8515625,,,,
2024-11-18,90542.640625,69.16000366210938,2610.60009765625,5893.6201171875,15.579999923706055
2024-11-19,92343.7890625,69.38999938964844,2627.10009765625,5916.97998046875,16.350000381469727
2024-11-20,94339.4921875,68.87000274658203,2648.199951171875,5917.10986328125,17.15999984741211
2024-11-21,98504.7265625,70.0999984741211,2672.10009765625,5948.7099609375,16.8700008392334
2024-11-22,98997.6640625,71.23999786376953,2709.89990234375,5969.33984375,15.239999771118164
2024-11-23,97777.28125,,,,
2024-11-24,98013.8203125,,,,
2024-11-25,93102.296875,68.94000244140625,2616.800048828125,5987.3701171875,14.600000381469727
2024-11-26,91985.3203125,68.7699966430664,2620.300048828125,6021.6298828125,14.100000381469727
2024-11-27,95962.53125,68.72000122070312,2639.89990234375,5998.740234375,14.100000381469727
2024-11-28,95652.46875,,,,
2024-11-29,97461.5234375,68.0,2657.0,6032.3798828125,13.510000228881836
2024-11-30,96449.0546875,,,,
2024-12-01,97279.7890625,,,,
2024-12-02,95865.3046875,68.0999984741211,2634.89990234375,6047.14990234375,13.34000015258789
2024-12-03,96002.1640625,69.94000244140625,2644.699951171875,6049.8798828125,13.300000190734863
2024-12-04,98768.53125,68.54000091552734,2653.800048828125,6086.490234375,13.449999809265137
2024-12-05,96593.5703125,68.30000305175781,2626.60009765625,6075.10986328125,13.539999961853027
2024-12-06,99920.7109375,67.19999694824219,2638.60009765625,6090.27001953125,12.770000457763672
2024-12-07,99923.3359375,,,,
2024-12-08,101236.015625,,,,
2024-12-09,97432.71875,68.37000274658203,2664.89990234375,6052.85009765625,14.1899995803833
2024-12-10,96675.4296875,68.58999633789062,2697.60009765625,6034.91015625,14.180000305175781
2024-12-11,101173.03125,70.29000091552734,2733.800048828125,6084.18994140625,13.579999923706055
2024-12-12,100043.0,70.0199966430664,2687.5,6051.25,13.920000076293945
2024-12-13,101459.2578125,71.29000091552734,2656.0,6051.08984375,13.8100004196167
2024-12-14,101372.96875,,,,
2024-12-15,104298.6953125,,,,
2024-12-16,106029.71875,70.70999908447266,2651.39990234375,6074.080078125,14.6899995803833
2024-12-17,106140.6015625,70.08000183105469,2644.39990234375,6050.60986328125,15.869999885559082
2024-12-18,100041.5390625,70.58000183105469,2636.5,5872.16015625,27.6200008392334
2024-12-19,97490.953125,69.91000366210938,2592.199951171875,5867.080078125,24.09000015258789
2024-12-20,97755.9296875,69.45999908447266,2628.699951171875,5930.85009765625,18.360000610351562
2024-12-21,97224.7265625,,,,
2024-12-22,95104.9375,,,,
2024-12-23,94686.2421875,69.23999786376953,2612.300048828125,5974.06982421875,16.780000686645508
2024-12-24,98676.09375,70.0999984741211,2620.0,6040.0400390625,14.270000457763672
2024-12-25,99299.1953125,,,,
2024-12-26,95795.515625,69.62000274658203,2638.800048828125,6037.58984375,14.729999542236328
2024-12-27,94164.859375,70.5999984741211,2617.199951171875,5970.83984375,15.949999809265137
2024-12-28,95163.9296875,,,,
2024-12-29,93530.2265625,,,,
2024-12-30,92643.2109375,70.98999786376953,2606.10009765625,5906.93994140625,17.399999618530273
2024-12-31,93429.203125,71.72000122070312,2629.199951171875,5881.6298828125,17.350000381469727
2025-01-01,94419.7578125,,,,
2025-01-02,96886.875,73.12999725341797,2658.89990234375,5868.5498046875,17.93000030517578
2025-01-03,98107.4296875,73.95999908447266,2645.0,5942.47021484375,16.1299991607666
2025-01-04,98236.2265625,,,,
2025-01-05,98314.9609375,,,,
2025-01-06,102078.0859375,73.55999755859375,2638.39990234375,5975.3798828125,16.040000915527344
2025-01-07,96922.703125,74.25,2656.699951171875,5909.02978515625,17.81999969482422
2025-01-08,95043.5234375,73.31999969482422,2664.5,5918.25,17.700000762939453
2025-01-09,92484.0390625,73.91999816894531,2683.800048828125,,
2025-01-10,94701.453125,76.56999969482422,2708.5,5827.0400390625,19.540000915527344
2025-01-11,94566.59375,,,,
2025-01-12,94488.4375,,,,
2025-01-13,94516.5234375,78.81999969482422,2673.5,5836.22021484375,19.190000534057617
2025-01-14,96534.046875,77.5,2677.5,5842.91015625,18.709999084472656
2025-01-15,100504.4921875,80.04000091552734,2712.5,5949.91015625,16.1200008392334
2025-01-16,99756.90625,78.68000030517578,2746.39990234375,5937.33984375,16.600000381469727
2025-01-17,104462.0390625,77.87999725341797,2744.300048828125,5996.66015625,15.970000267028809
2025-01-18,104408.0703125,,,,
2025-01-19,101089.609375,,,,
2025-01-20,102016.6640625,,,,
2025-01-21,106146.265625,75.88999938964844,2755.0,6049.240234375,15.0600004196167
2025-01-22,103653.0703125,75.44000244140625,2767.60009765625,6086.3701171875,15.100000381469727
2025-01-23,103960.171875,74.62000274658203,2763.10009765625,6118.7099609375,15.020000457763672
2025-01-24,104819.484375,74.66000366210938,2777.300048828125,6101.240234375,14.850000381469727
2025-01-25,104714.6484375,,,,
2025-01-26,102682.5,,,,
2025-01-27,102087.6875,73.16999816894531,2737.5,6012.27978515625,17.899999618530273
2025-01-28,101332.4765625,73.7699966430664,2766.800048828125,6067.7001953125,16.40999984741211
2025-01-29,103703.2109375,72.62000274658203,2769.10009765625,6039.31005859375,16.559999465942383
2025-01-30,104735.3046875,72.7300033569336,2823.0,6071.169921875,15.84000015258789
2025-01-31,102405.0234375,72.52999877929688,2812.5,6040.52978515625,16.43000030517578
2025-02-01,100655.90625,,,,
2025-02-02,97688.9765625,,,,
2025-02-03,101405.421875,73.16000366210938,2833.89990234375,5994.56982421875,18.6200008392334
2025-02-04,97871.8203125,72.69999694824219,2853.300048828125,6037.8798828125,17.209999084472656
2025-02-05,96615.4453125,71.02999877929688,2871.60009765625,6061.47998046875,15.770000457763672
2025-02-06,96593.296875,70.61000061035156,2856.0,6083.56982421875,15.5
2025-02-07,96529.0859375,71.0,2867.300048828125,6025.990234375,16.540000915527344
2025-02-08,96482.453125,,,,
2025-02-09,96500.09375,,,,
2025-02-10,97437.5546875,72.31999969482422,2914.300048828125,6066.43994140625,15.8100004196167
2025-02-11,95747.4296875,73.31999969482422,2912.5,6068.5,16.020000457763672
2025-02-12,97885.859375,71.37000274658203,2909.0,6051.97021484375,15.890000343322754
2025-02-13,96623.8671875,71.29000091552734,2925.89990234375,6115.06982421875,15.100000381469727
2025-02-14,97508.96875,70.73999786376953,2883.60009765625,6114.6298828125,14.770000457763672
2025-02-15,97580.3515625,,,,
2025-02-16,96175.03125,,,,
2025-02-17,95773.3828125,,,,
2025-02-18,95539.546875,71.8499984741211,2931.60009765625,6129.580078125,15.350000381469727
2025-02-19,96635.609375,72.25,2919.39990234375,6144.14990234375,15.270000457763672
2025-02-20,98333.9375,72.56999969482422,2940.0,6117.52001953125,15.65999984741211
2025-02-21,96125.546875,70.4000015258789,2937.60009765625,6013.1298828125,18.209999084472656
2025-02-22,96577.7578125,,,,
2025-02-23,96273.921875,,,,
2025-02-24,91418.171875,70.69999694824219,2947.89990234375,5983.25,18.979999542236328
2025-02-25,88736.171875,68.93000030517578,2904.5,5955.25,19.43000030517578
2025-02-26,84347.0234375,68.62000274658203,2916.800048828125,5956.06005859375,19.100000381469727
2025-02-27,84704.2265625,70.3499984741211,2883.199951171875,5861.56982421875,21.1299991607666
2025-02-28,84373.0078125,69.76000213623047,2836.800048828125,5954.5,19.6299991607666
2025-03-01,86031.9140625,,,,
2025-03-02,94248.3515625,,,,
2025-03-03,86065.671875,68.37000274658203,2890.199951171875,5849.72021484375,22.780000686645508
2025-03-04,87222.1953125,68.26000213623047,2909.60009765625,5778.14990234375,23.510000228881836
2025-03-05,90623.5625,66.30999755859375,2915.300048828125,5842.6298828125,21.93000030517578
2025-03-06,89961.7265625,66.36000061035156,2916.60009765625,5738.52001953125,24.8700008392334
2025-03-07,86742.671875,67.04000091552734,2904.699951171875,5770.2001953125,23.3700008392334
2025-03-08,86154.59375,,,,
2025-03-09,80601.0390625,,,,
2025-03-10,78532.0,66.02999877929688,2891.0,5614.56005859375,27.860000610351562
2025-03-11,82862.2109375,66.25,2912.89990234375,5572.06982421875,26.920000076293945
2025-03-12,83722.359375,67.68000030517578,2939.10009765625,5599.2998046875,24.229999542236328
2025-03-13,81066.703125,66.55000305175781,2984.300048828125,5521.52001953125,24.65999984741211
2025-03-14,83969.1015625,67.18000030517578,2994.5,5638.93994140625,21.770000457763672
2025-03-15,84343.109375,,,,
2025-03-16,82579.6875,,,,
2025-03-17,84075.6875,67.58000183105469,3000.0,5675.1201171875,20.510000228881836
2025-03-18,82718.5,66.9000015258789,3035.10009765625,5614.66015625,21.700000762939453
2025-03-19,86854.2265625,67.16000366210938,3035.89990234375,5675.2900390625,19.899999618530273
2025-03-20,84167.1953125,68.26000213623047,3040.0,5662.89013671875,19.799999237060547
2025-03-21,84043.2421875,68.27999877929688,3018.199951171875,5667.56005859375,19.280000686645508
2025-03-22,83832.484375,,,,
2025-03-23,86054.375,,,,
2025-03-24,87498.9140625,69.11000061035156,3013.10009765625,5767.56982421875,17.479999542236328
2025-03-25,87471.703125,69.0,3023.699951171875,5776.64990234375,17.149999618530273
2025-03-26,86900.8828125,69.6500015258789,3020.89990234375,5712.2001953125,18.329999923706055
2025-03-27,87177.1015625,69.91999816894531,3060.199951171875,5693.31005859375,18.690000534057617
2025-03-28,84353.1484375,69.36000061035156,3086.5,5580.93994140625,21.649999618530273
2025-03-29,82597.5859375,,,,
2025-03-30,82334.5234375,,,,
2025-03-31,82548.9140625,71.4800033569336,3122.800048828125,5611.85009765625,22.280000686645508
2025-04-01,85169.171875,71.19999694824219,3118.89990234375,5633.06982421875,21.770000457763672
2025-04-02,82485.7109375,71.70999908447266,3139.89990234375,5670.97021484375,21.510000228881836
2025-04-03,83102.828125,66.94999694824219,3097.0,5396.52001953125,30.020000457763672
2025-04-04,83843.8046875,61.9900016784668,3012.0,5074.080078125,45.310001373291016
2025-04-05,83504.796875,,,,
2025-04-06,78214.484375,,,,
2025-04-07,79235.3359375,60.70000076293945,2951.300048828125,5062.25,46.97999954223633
2025-04-08,76271.953125,59.58000183105469,2968.39990234375,4982.77001953125,52.33000183105469
2025-04-09,82573.953125,62.349998474121094,3056.5,5456.89990234375,33.619998931884766
2025-04-10,79626.140625,60.06999969482422,3155.199951171875,5268.0498046875,40.720001220703125
2025-04-11,83404.8359375,61.5,3222.199951171875,5363.35986328125,37.560001373291016
2025-04-12,85287.109375,,,,
2025-04-13,83684.9765625,,,,
2025-04-14,84542.390625,61.529998779296875,3204.800048828125,5405.97021484375,30.889999389648438
2025-04-15,83668.9921875,61.33000183105469,3218.699951171875,5396.6298828125,30.1200008392334
2025-04-16,84033.8671875,62.470001220703125,3326.60009765625,5275.7001953125,32.63999938964844
2025-04-17,84895.75,64.68000030517578,3308.699951171875,5282.7001953125,29.649999618530273
2025-04-18,84450.8046875,,,,
2025-04-19,85063.4140625,,,,
2025-04-20,85174.3046875,,,,
2025-04-21,87518.90625,63.08000183105469,3406.199951171875,5158.2001953125,33.81999969482422
2025-04-22,93441.890625,64.30999755859375,3400.800048828125,5287.759765625,30.56999969482422
2025-04-23,93699.109375,62.27000045776367,3276.300048828125,5375.85986328125,28.450000762939453
2025-04-24,93943.796875,62.790000915527344,3332.0,5484.77001953125,26.469999313354492
2025-04-25,94720.5,63.02000045776367,3282.39990234375,5525.2099609375,24.84000015258789
2025-04-26,94646.9296875,,,,
2025-04-27,93754.84375,,,,
2025-04-28,94978.75,62.04999923706055,3332.5,5528.75,25.149999618530273
2025-04-29,94284.7890625,60.41999816894531,3318.800048828125,5560.830078125,24.170000076293945
2025-04-30,94207.3125,58.209999084472656,3305.0,5569.06005859375,24.700000762939453
2025-05-01,96492.3359375,59.2400016784668,3210.0,5604.14013671875,24.600000381469727
2025-05-02,96910.0703125,58.290000915527344,3231.89990234375,5686.669921875,22.68000030517578
2025-05-03,95891.796875,,,,
2025-05-04,94315.9765625,,,,
2025-05-05,94748.0546875,57.130001068115234,3311.300048828125,5650.3798828125,23.639999389648438
2025-05-06,96802.4765625,59.09000015258789,3411.39990234375,5606.91015625,24.760000228881836
2025-05-07,97032.3203125,58.06999969482422,3381.39990234375,5631.27978515625,23.549999237060547
2025-05-08,103241.4609375,59.90999984741211,3296.60009765625,5663.93994140625,22.479999542236328
2025-05-09,102970.8515625,61.02000045776367,3335.39990234375,5659.91015625,21.899999618530273
2025-05-10,104696.328125,,,,
2025-05-11,104106.359375,,,,
2025-05-12,102812.953125,61.95000076293945,3220.0,5844.18994140625,18.389999389648438
2025-05-13,104169.8125,63.66999816894531,3240.300048828125,5886.5498046875,18.219999313354492
2025-05-14,103539.4140625,63.150001525878906,3181.39990234375,5892.580078125,18.6200008392334
2025-05-15,103744.640625,61.619998931884766,3220.699951171875,5916.93017578125,17.829999923706055
2025-05-16,103489.2890625,62.4900016784668,3182.0,5958.3798828125,17.239999771118164
2025-05-17,103191.0859375,,,,
2025-05-18,106446.0078125,,,,
2025-05-19,105606.1796875,62.689998626708984,3228.89990234375,5963.60009765625,18.139999389648438
2025-05-20,106791.0859375,62.560001373291016,3280.300048828125,5940.4599609375,18.09000015258789
2025-05-21,109678.078125,61.56999969482422,3309.300048828125,5844.60986328125,20.8700008392334
2025-05-22,111673.28125,61.20000076293945,3292.300048828125,5842.009765625,20.280000686645508
2025-05-23,107287.796875,61.529998779296875,3363.60009765625,5802.81982421875,22.290000915527344
2025-05-24,107791.15625,,,,
2025-05-25,109035.390625,,,,
2025-05-26,109440.3671875,,,,
2025-05-27,108994.640625,60.88999938964844,3299.10009765625,5921.5400390625,18.959999084472656
2025-05-28,107802.328125,61.84000015258789,3293.60009765625,5888.5498046875,19.309999465942383
2025-05-29,105641.7578125,60.939998626708984,3317.10009765625,5912.169921875,19.18000030517578
2025-05-30,103998.5703125,60.790000915527344,3288.89990234375,5911.68994140625,18.56999969482422
2025-05-31,104638.09375,,,,
2025-06-01,105652.1015625,,,,
2025-06-02,105881.53125,62.52000045776367,3370.60009765625,5935.93994140625,18.360000610351562
2025-06-03,105432.46875,63.40999984741211,3350.199951171875,5970.3701171875,17.690000534057617
2025-06-04,104731.984375,62.849998474121094,3373.5,5970.81005859375,17.610000610351562
2025-06-05,101575.953125,63.369998931884766,3350.699951171875,5939.2998046875,18.479999542236328
2025-06-06,104390.34375,64.58000183105469,3322.699951171875,6000.35986328125,16.770000457763672
2025-06-07,105615.625,,,,
2025-06-08,105793.6484375,,,,
2025-06-09,110294.1015625,65.29000091552734,3332.10009765625,6005.8798828125,17.15999984741211
2025-06-10,110257.234375,64.9800033569336,3320.89990234375,6038.81005859375,16.950000762939453
2025-06-11,108686.625,68.1500015258789,3321.300048828125,6022.240234375,17.260000228881836
2025-06-12,105929.0546875,68.04000091552734,3380.89990234375,6045.259765625,18.020000457763672
2025-06-13,106090.96875,72.9800033569336,3431.199951171875,5976.97021484375,20.81999969482422
2025-06-14,105472.40625,,,,
2025-06-15,105552.0234375,,,,
2025-06-16,106796.7578125,71.7699966430664,3396.39990234375,6033.10986328125,19.110000610351562
2025-06-17,104601.1171875,74.83999633789062,3386.60009765625,5982.72021484375,21.600000381469727
2025-06-18,104883.328125,75.13999938964844,3389.800048828125,5980.8701171875,20.139999389648438
2025-06-19,104684.2890625,,,,
2025-06-20,103309.6015625,74.93000030517578,3368.10009765625,5967.83984375,20.6200008392334
2025-06-21,102257.40625,,,,
2025-06-22,100987.140625,,,,
2025-06-23,105577.7734375,68.51000213623047,3377.699951171875,6025.169921875,19.829999923706055
2025-06-24,106045.6328125,64.37000274658203,3317.39990234375,6092.18017578125,17.479999542236328
2025-06-25,107361.2578125,64.91999816894531,3327.10009765625,6092.16015625,16.760000228881836
2025-06-26,106960.0,65.23999786376953,3333.5,6141.02001953125,16.59000015258789
2025-06-27,107088.4296875,65.5199966430664,3273.699951171875,6173.06982421875,16.31999969482422
2025-06-28,107327.703125,,,,
2025-06-29,108385.5703125,,,,
2025-06-30,107135.3359375,65.11000061035156,3294.39990234375,6204.9501953125,16.729999542236328
2025-07-01,105698.28125,65.44999694824219,3336.699951171875,6198.009765625,16.829999923706055
2025-07-02,108859.3203125,67.44999694824219,3348.0,6227.419921875,16.639999389648438
2025-07-03,109647.9765625,67.0,3331.60009765625,6279.35009765625,16.3799991607666
2025-07-04,108034.3359375,66.5,3332.5,,
2025-07-05,108231.1796875,,,,
2025-07-06,109232.0703125,,,,
2025-07-07,108299.8515625,67.93000030517578,3332.199951171875,6229.97998046875,17.790000915527344
2025-07-08,108950.2734375,68.33000183105469,3307.0,6225.52001953125,16.809999465942383
2025-07-09,111326.5546875,68.37999725341797,3311.60009765625,6263.259765625,15.9399995803833
2025-07-10,115987.203125,66.56999969482422,3317.39990234375,6280.4599609375,15.779999732971191
2025-07-11,117516.9921875,68.44999694824219,3356.0,6259.75,16.399999618530273
2025-07-12,117435.2265625,,,,
2025-07-13,119116.1171875,,,,
2025-07-14,119849.703125,66.9800033569336,3351.5,6268.56005859375,17.200000762939453
2025-07-15,117777.1875,66.5199966430664,3329.800048828125,6243.759765625,17.3799991607666
2025-07-16,118738.5078125,66.37999725341797,3352.5,6263.7001953125,17.15999984741211
2025-07-17,119289.84375,67.54000091552734,3340.10009765625,6297.35986328125,16.520000457763672
2025-07-18,118003.2265625,67.33999633789062,3353.0,6296.7900390625,16.40999984741211
2025-07-19,117939.9765625,,,,
2025-07-20,117300.7890625,,,,
2025-07-21,117439.5390625,67.19999694824219,3401.89990234375,6305.60009765625,16.649999618530273
2025-07-22,119995.4140625,66.20999908447266,3439.199951171875,6309.6201171875,16.5
2025-07-23,118754.9609375,65.25,3394.10009765625,6358.91015625,15.369999885559082
2025-07-24,118368.0,66.02999877929688,3371.0,6363.35009765625,15.390000343322754
2025-07-25,117635.8828125,65.16000366210938,3334.0,6388.64013671875,14.930000305175781
2025-07-26,117947.3671875,,,,
2025-07-27,119448.4921875,,,,
2025-07-28,117924.4765625,66.70999908447266,3309.10009765625,6389.77001953125,15.029999732971191
2025-07-29,117922.1484375,69.20999908447266,3323.39990234375,6370.85986328125,15.979999542236328
2025-07-30,117831.1875,70.0,3295.800048828125,6362.89990234375,15.479999542236328
2025-07-31,115758.203125,69.26000213623047,3293.199951171875,6339.39013671875,16.719999313354492
2025-08-01,113320.0859375,67.33000183105469,3347.699951171875,6238.009765625,20.3799991607666
2025-08-02,112526.9140625,,,,
2025-08-03,114217.671875,,,,
2025-08-04,115071.8828125,66.29000091552734,3374.39990234375,6329.93994140625,17.520000457763672
2025-08-05,114141.4453125,65.16000366210938,3381.89990234375,6299.18994140625,17.850000381469727
2025-08-06,115028.0,64.3499984741211,3380.0,6345.06005859375,16.770000457763672
2025-08-07,117496.8984375,63.880001068115234,3400.300048828125,6340.0,16.56999969482422
2025-08-08,116688.7265625,63.880001068115234,3439.10009765625,6389.4501953125,15.149999618530273
2025-08-09,116500.359375,,,,
2025-08-10,119306.7578125,,,,
2025-08-11,118731.4453125,63.959999084472656,3353.10009765625,6373.4501953125,16.25
2025-08-12,120172.90625,63.16999816894531,3348.89990234375,6445.759765625,14.729999542236328
2025-08-13,123344.0625,62.650001525878906,3358.699951171875,6466.580078125,14.489999771118164
2025-08-14,118359.578125,63.959999084472656,3335.199951171875,6468.5400390625,14.829999923706055
2025-08-15,117398.3515625,62.79999923706055,3336.0,6449.7998046875,15.09000015258789
2025-08-16,117491.3515625,,,,
2025-08-17,117453.0625,,,,
2025-08-18,116252.3125,63.41999816894531,3331.699951171875,6449.14990234375,14.989999771118164
2025-08-19,112831.1796875,62.349998474121094,3313.39990234375,6411.3701171875,15.569999694824219
2025-08-20,114274.7421875,63.209999084472656,3343.39990234375,6395.77978515625,15.6899995803833
2025-08-21,112419.03125,63.52000045776367,3336.89990234375,6370.169921875,16.600000381469727
2025-08-22,116874.0859375,63.65999984741211,3374.39990234375,6466.91015625,14.220000267028809
2025-08-23,115374.328125,,,,
2025-08-24,113458.4296875,,,,
2025-08-25,110124.3515625,64.80000305175781,3373.800048828125,6439.31982421875,14.789999961853027
2025-08-26,111802.65625,63.25,3388.60009765625,6465.93994140625,14.619999885559082
2025-08-27,111222.0625,64.1500015258789,3404.60009765625,6481.39990234375,14.850000381469727
2025-08-28,112544.8046875,64.5999984741211,3431.800048828125,6501.85986328125,14.430000305175781
2025-08-29,108410.8359375,64.01000213623047,3473.699951171875,6460.259765625,15.359999656677246
2025-08-30,108808.0703125,,,,
2025-08-31,108236.7109375,,,,
2025-09-01,109250.59375,,,,
2025-09-02,111200.5859375,65.58999633789062,3549.39990234375,6415.5400390625,17.170000076293945
2025-09-03,111723.2109375,63.970001220703125,3593.199951171875,6448.259765625,16.350000381469727
2025-09-04,110723.6015625,63.47999954223633,3565.800048828125,6502.080078125,15.300000190734863
2025-09-05,110650.984375,61.869998931884766,3613.199951171875,6481.5,15.180000305175781
2025-09-06,110224.6953125,,,,
2025-09-07,111167.6171875,,,,
2025-09-08,112071.4296875,62.2599983215332,3638.10009765625,6495.14990234375,15.109999656677246
2025-09-09,111530.546875,62.630001068115234,3643.300048828125,6512.60986328125,15.039999961853027
2025-09-10,113955.359375,63.66999816894531,3643.60009765625,6532.0400390625,15.350000381469727
2025-09-11,115507.5390625,62.369998931884766,3636.89990234375,6587.47021484375,14.710000038146973
2025-09-12,116101.578125,62.689998626708984,3649.39990234375,6584.2900390625,14.760000228881836
2025-09-13,115950.5078125,,,,
2025-09-14,115407.65625,,,,
2025-09-15,115444.875,63.29999923706055,3682.199951171875,6615.27978515625,15.6899995803833
2025-09-16,116843.1875,64.5199966430664,3688.89990234375,6606.759765625,16.360000610351562
2025-09-17,116468.5078125,64.05000305175781,3681.800048828125,6600.35009765625,15.720000267028809
2025-09-18,117137.203125,63.56999969482422,3643.699951171875,6631.9599609375,15.699999809265137
2025-09-19,115688.859375,62.68000030517578,3671.5,6664.35986328125,15.449999809265137
2025-09-20,115721.9609375,,,,
2025-09-21,115306.09375,,,,
2025-09-22,112748.5078125,62.63999938964844,3740.699951171875,6693.75,16.100000381469727
2025-09-23,112014.5,63.40999984741211,3780.60009765625,6656.919921875,16.639999389648438
2025-09-24,113328.6328125,64.98999786376953,3732.10009765625,6637.97021484375,16.18000030517578
2025-09-25,109049.2890625,64.9800033569336,3736.89990234375,6604.72021484375,16.739999771118164
2025-09-26,109712.828125,65.72000122070312,3775.300048828125,6643.7001953125,15.289999961853027
2025-09-27,109681.9453125,,,,
2025-09-28,112122.640625,,,,
2025-09-29,114400.3828125,63.45000076293945,3820.89990234375,6661.2099609375,16.1200008392334
2025-09-30,114056.0859375,62.369998931884766,3840.800048828125,6688.4599609375,16.280000686645508
2025-10-01,118648.9296875,61.779998779296875,3867.5,6711.2001953125,16.290000915527344
2025-10-02,120681.2578125,60.47999954223633,3839.699951171875,6715.35009765625,16.6299991607666
2025-10-03,122266.53125,60.880001068115234,3880.800048828125,6715.7900390625,16.649999618530273
2025-10-04,122425.4296875,,,,
2025-10-05,123513.4765625,,,,
2025-10-06,124752.53125,61.689998626708984,3948.5,6740.27978515625,16.3700008392334
2025-10-07,121451.3828125,61.72999954223633,3976.60009765625,6714.58984375,17.239999771118164
2025-10-08,123354.8671875,62.54999923706055,4043.300048828125,6753.72021484375,16.299999237060547
2025-10-09,121705.5859375,61.5099983215332,3946.300048828125,6735.10986328125,16.43000030517578
2025-10-10,113214.3671875,58.900001525878906,3975.89990234375,6552.509765625,21.65999984741211
2025-10-11,110807.8828125,,,,
2025-10-12,115169.765625,,,,
2025-10-13,115271.078125,59.4900016784668,4108.60009765625,6654.72021484375,19.030000686645508
2025-10-14,113118.6640625,58.70000076293945,4138.7001953125,6644.31005859375,20.809999465942383
2025-10-15,110783.1640625,58.27000045776367,4176.89990234375,6671.06005859375,20.639999389648438
2025-10-16,108186.0390625,57.459999084472656,4280.2001953125,6629.06982421875,25.309999465942383
2025-10-17,106467.7890625,57.540000915527344,4189.89990234375,6664.009765625,20.780000686645508
2025-10-18,107198.265625,,,,
2025-10-19,108666.7109375,,,,
2025-10-20,110588.9296875,57.52000045776367,4336.39990234375,6735.1298828125,18.229999542236328
2025-10-21,108476.890625,57.81999969482422,4087.699951171875,6735.35009765625,17.8700008392334
2025-10-22,107688.5859375,58.5,4044.39990234375,6699.39990234375,18.600000381469727
2025-10-23,110069.7265625,61.790000915527344,4125.5,6738.43994140625,17.299999237060547
2025-10-24,111033.921875,61.5,4118.39990234375,6791.68994140625,16.3700008392334
2025-10-25,111641.7265625,,,,
2025-10-26,114472.4453125,,,,
2025-10-27,114119.328125,61.310001373291016,4001.89990234375,6875.16015625,15.789999961853027
2025-10-28,112956.1640625,60.150001525878906,3966.199951171875,6890.89013671875,16.420000076293945
2025-10-29,110055.3046875,60.47999954223633,3983.699951171875,6890.58984375,16.920000076293945
2025-10-30,108305.546875,60.56999969482422,4001.300048828125,6822.33984375,16.90999984741211
2025-10-31,109556.1640625,60.97999954223633,3982.199951171875,6840.2001953125,17.440000534057617
2025-11-01,110064.015625,,,,
2025-11-02,110639.625,,,,
2025-11-03,106547.5234375,61.04999923706055,4000.300048828125,6851.97021484375,17.170000076293945
2025-11-04,101590.5234375,60.560001373291016,3947.699951171875,6771.5498046875,19.0
2025-11-05,103891.8359375,59.599998474121094,3980.300048828125,6796.2900390625,18.010000228881836
2025-11-06,101301.2890625,59.43000030517578,3979.89990234375,6720.31982421875,19.5
2025-11-07,103372.40625,59.75,3999.39990234375,6728.7998046875,19.079999923706055
2025-11-08,102282.1171875,,,,
2025-11-09,104719.640625,,,,
2025-11-10,105996.59375,60.130001068115234,4111.7998046875,6832.43017578125,17.600000381469727
2025-11-11,102997.46875,61.040000915527344,4106.7998046875,6846.60986328125,17.280000686645508
2025-11-12,101663.1875,58.4900016784668,4204.39990234375,6850.919921875,17.510000228881836
2025-11-13,99697.4921875,58.689998626708984,4186.89990234375,6737.490234375,20.0
2025-11-14,94397.7890625,60.09000015258789,4087.60009765625,6734.10986328125,19.829999923706055
2025-11-15,95549.1484375,,,,
2025-11-16,94177.078125,,,,
2025-11-17,92093.875,59.90999984741211,4068.300048828125,6672.41015625,22.3799991607666
2025-11-18,92948.875,60.7400016784668,4061.300048828125,6617.31982421875,24.690000534057617
2025-11-19,91465.9921875,59.439998626708984,4077.699951171875,6642.16015625,23.65999984741211
2025-11-20,86631.8984375,59.13999938964844,4056.5,6538.759765625,26.420000076293945
2025-11-21,85090.6875,58.060001373291016,4076.699951171875,6602.990234375,23.43000030517578
2025-11-22,84648.359375,,,,
2025-11-23,86805.0078125,,,,
2025-11-24,88270.5625,58.84000015258789,4091.89990234375,6705.1201171875,20.520000457763672
2025-11-25,87341.890625,57.95000076293945,4139.2001953125,6765.8798828125,18.559999465942383
2025-11-26,90518.3671875,58.650001525878906,4165.2001953125,6812.60986328125,17.190000534057617
2025-11-27,91285.375,,,,
2025-11-28,90919.265625,58.54999923706055,4218.2998046875,6849.08984375,16.350000381469727
2025-11-29,90851.7578125,,,,
2025-11-30,90394.3125,,,,
2025-12-01,86321.5703125,59.31999969482422,4239.2998046875,6812.6298828125,17.239999771118164
2025-12-02,91350.203125,58.63999938964844,4186.60009765625,6829.3701171875,16.59000015258789
2025-12-03,93527.8046875,58.95000076293945,4199.2998046875,6849.72021484375,16.079999923706055
2025-12-04,92141.625,59.66999816894531,4211.7998046875,6857.1201171875,15.779999732971191
2025-12-05,89387.7578125,60.08000183105469,4212.89990234375,6870.39990234375,15.40999984741211
2025-12-06,89272.375,,,,
2025-12-07,90405.640625,,,,
2025-12-08,90640.203125,58.880001068115234,4187.2001953125,6846.509765625,16.65999984741211
2025-12-09,92691.7109375,58.25,4206.7001953125,6840.509765625,16.93000030517578
2025-12-10,92020.9453125,58.459999084472656,4196.39990234375,6886.68017578125,15.770000457763672
2025-12-11,92511.3359375,57.599998474121094,4285.5,6901.0,14.850000381469727
2025-12-12,90270.4140625,57.439998626708984,4300.10009765625,6827.41015625,15.739999771118164
2025-12-13,90298.7109375,,,,
2025-12-14,88175.1796875,,,,
2025-12-15,86419.78125,56.81999969482422,4306.7001953125,6816.509765625,16.5
2025-12-16,87843.984375,55.27000045776367,4304.5,6800.259765625,16.479999542236328
2025-12-17,86143.7578125,55.939998626708984,4347.5,6721.43017578125,17.6200008392334
2025-12-18,85462.5078125,56.150001525878906,4339.5,6774.759765625,16.8700008392334
2025-12-19,88103.3828125,56.65999984741211,4361.39990234375,6834.5,14.90999984741211
2025-12-20,88344.0,,,,
2025-12-21,88621.75,,,,
2025-12-22,88490.015625,58.0099983215332,4444.60009765625,6878.490234375,14.079999923706055
2025-12-23,87414.0,58.380001068115234,4482.7998046875,6909.7900390625,14.0
2025-12-24,87611.9609375,58.349998474121094,4480.60009765625,6932.0498046875,13.470000267028809
2025-12-25,87234.7421875,,,,
2025-12-26,87301.4296875,56.7400016784668,4529.10009765625,6929.93994140625,13.600000381469727
2025-12-27,87802.15625,,,,
2025-12-28,87835.8359375,,,,
2025-12-29,87138.140625,58.08000183105469,4325.10009765625,6905.740234375,14.199999809265137
2025-12-30,88430.1328125,57.95000076293945,4370.10009765625,6896.240234375,14.329999923706055
2025-12-31,87508.828125,57.41999816894531,4325.60009765625,6845.5,14.949999809265137
2026-01-01,88731.984375,,,,
2026-01-02,89944.6953125,57.31999969482422,4314.39990234375,6858.47021484375,14.510000228881836
2026-01-03,90603.1875,,,,
2026-01-04,91413.4921875,,,,
2026-01-05,93882.5546875,58.31999969482422,4436.89990234375,6902.0498046875,14.899999618530273
2026-01-06,93729.03125,57.130001068115234,4482.2001953125,6944.81982421875,14.75
2026-01-07,91308.0546875,55.9900016784668,4449.2998046875,6920.93017578125,15.380000114440918
2026-01-08,91027.125,57.7599983215332,4449.7001953125,6921.4599609375,15.449999809265137
2026-01-09,90513.1015625,59.119998931884766,4490.2998046875,6966.27978515625,14.489999771118164
2026-01-10,90386.6484375,,,,
2026-01-11,90827.4609375,,,,
2026-01-12,91192.9921875,59.5,4604.2998046875,6977.27001953125,15.119999885559082
2026-01-13,95321.78125,61.150001525878906,4589.2001953125,6963.740234375,15.979999542236328
2026-01-14,96929.328125,62.02000045776367,4626.2998046875,6926.60009765625,16.75
2026-01-15,95551.1875,59.189998626708984,4616.2998046875,6944.47021484375,15.84000015258789
2026-01-16,95525.1171875,59.439998626708984,4588.39990234375,6940.009765625,15.859999656677246
2026-01-17,95099.921875,,,,
2026-01-18,93634.4296875,,,,
2026-01-19,92553.59375,,,,
2026-01-20,88310.90625,60.34000015258789,4759.60009765625,6796.85986328125,20.09000015258789
2026-01-21,89376.9609375,60.619998931884766,4831.7998046875,6875.6201171875,16.899999618530273
2026-01-22,89462.453125,59.36000061035156,4908.7998046875,6913.35009765625,15.640000343322754
2026-01-23,89503.875,61.06999969482422,4976.2001953125,6915.60986328125,16.09000015258789
2026-01-24,89110.734375,,,,
2026-01-25,86572.21875,,,,
2026-01-26,88267.140625,60.630001068115234,5079.7001953125,6950.22998046875,16.149999618530273
2026-01-27,89102.5703125,62.38999938964844,5079.89990234375,6978.60009765625,16.350000381469727
2026-01-28,89184.5703125,63.209999084472656,5301.60009765625,6978.02978515625,16.350000381469727
2026-01-29,84561.5859375,65.41999816894531,5318.39990234375,6969.009765625,16.8799991607666
2026-01-30,84128.65625,65.20999908447266,4713.89990234375,6939.02978515625,17.440000534057617
2026-01-31,78621.1171875,,,,
2026-02-01,76974.4453125,,,,
2026-02-02,78688.765625,62.13999938964844,4622.5,6976.43994140625,16.34000015258789
2026-02-03,75633.546875,63.209999084472656,4903.7001953125,6917.81005859375,18.0
2026-02-04,73019.703125,65.13999938964844,4920.39990234375,6882.72021484375,18.639999389648438
2026-02-05,62702.09765625,63.290000915527344,4861.39990234375,6798.39990234375,21.770000457763672
2026-02-06,70555.390625,63.54999923706055,4951.2001953125,6932.2998046875,20.3700008392334
2026-02-07,69281.96875,,,,
2026-02-08,70264.7265625,,,,
2026-02-09,70120.78125,64.36000061035156,5050.89990234375,6964.81982421875,17.360000610351562
2026-02-10,68793.9609375,63.959999084472656,5003.7998046875,6941.81005859375,17.790000915527344
2026-02-11,66991.96875,64.62999725341797,5071.60009765625,6941.47021484375,17.649999618530273
2026-02-12,66221.84375,62.84000015258789,4923.7001953125,6832.759765625,20.81999969482422
2026-02-13,68857.84375,62.88999938964844,5022.0,6836.169921875,20.600000381469727
2026-02-14,69767.625,,,,
2026-02-15,68788.1875,,,,
2026-02-16,68843.15625,,,,
2026-02-17,67494.21875,62.33000183105469,4882.89990234375,6843.22021484375,20.290000915527344
2026-02-18,66425.3203125,65.19000244140625,4986.5,6881.31005859375,19.6200008392334
2026-02-19,66957.5234375,66.43000030517578,4975.89990234375,6861.89013671875,20.229999542236328
2026-02-20,68005.421875,66.38999938964844,5059.2998046875,6909.509765625,19.09000015258789
2026-02-21,68003.765625,,,,
2026-02-22,67659.390625,,,,
2026-02-23,64616.73828125,66.30999755859375,5204.7001953125,6837.75,21.010000228881836
2026-02-24,64080.04296875,65.62999725341797,5155.7998046875,6890.06982421875,19.549999237060547
2026-02-25,67960.125,65.41999816894531,5206.39990234375,6946.1298828125,17.93000030517578
2026-02-26,67453.7734375,65.20999908447266,5176.5,6908.85986328125,18.6299991607666
2026-02-27,65881.796875,67.0199966430664,5230.5,6878.8798828125,19.860000610351562
2026-02-28,66995.859375,,,,
2026-03-01,65738.1015625,,,,
2026-03-02,68775.8515625,71.2300033569336,5294.39990234375,6881.6201171875,21.440000534057617
2026-03-03,68293.6484375,74.55999755859375,5107.39990234375,6816.6298828125,23.56999969482422
2026-03-04,72710.578125,74.66000366210938,5120.2001953125,6869.5,21.149999618530273
2026-03-05,70841.125,81.01000213623047,5065.2998046875,6830.7099609375,23.75
2026-03-06,68136.4921875,90.9000015258789,5146.10009765625,6740.02001953125,29.489999771118164
2026-03-07,67272.59375,,,,
2026-03-08,65969.78125,,,,
2026-03-09,68402.3828125,94.7699966430664,5091.5,6795.990234375,25.5
2026-03-10,69926.921875,83.44999694824219,5229.7001953125,6781.47998046875,24.93000030517578
2026-03-11,70204.8828125,87.25,5167.39990234375,6775.7998046875,24.229999542236328
2026-03-12,70493.4609375,95.7300033569336,5115.7998046875,6672.6201171875,27.290000915527344
2026-03-13,70968.265625,98.70999908447266,5052.5,6632.18994140625,27.190000534057617
2026-03-14,71214.625,,,,
2026-03-15,72789.9140625,,,,
2026-03-16,74861.0859375,93.5,4994.0,6699.3798828125,23.510000228881836
2026-03-17,73922.4765625,96.20999908447266,5001.0,6716.08984375,22.3700008392334
2026-03-18,71245.578125,96.31999969482422,4889.89990234375,6624.7001953125,25.09000015258789
2026-03-19,69912.7890625,96.13999938964844,4600.7001953125,6606.490234375,24.059999465942383
2026-03-20,70522.5859375,98.31999969482422,4570.39990234375,6506.47998046875,26.780000686645508
2026-03-21,68711.5234375,,,,
2026-03-22,67845.2109375,,,,
2026-03-23,70914.859375,88.12999725341797,4404.10009765625,6581.0,26.149999618530273
2026-03-24,70517.859375,92.3499984741211,4399.2998046875,6556.3701171875,26.950000762939453
2026-03-25,71309.8828125,90.31999969482422,4549.7998046875,6591.89990234375,25.329999923706055
2026-03-26,68791.625,94.4800033569336,4375.5,6477.16015625,27.440000534057617
2026-03-27,66338.375,99.63999938964844,4492.0,6368.85009765625,31.049999237060547
2026-03-28,66319.6953125,,,,
2026-03-29,65954.921875,,,,
2026-03-30,66691.4453125,102.87999725341797,4526.0,6343.72021484375,30.610000610351562
2026-03-31,68233.3125,101.37999725341797,4647.60009765625,6528.52001953125,25.25
2026-04-01,68078.5546875,100.12000274658203,4783.2001953125,6575.31982421875,24.540000915527344
2026-04-02,66888.5703125,111.54000091552734,4651.5,6582.68994140625,23.8700008392334
2026-04-03,66931.1015625,,,,
2026-04-04,67290.515625,,,,
2026-04-05,68981.8984375,,,,
2026-04-06,68859.828125,112.41000366210938,4656.7998046875,6611.830078125,24.170000076293945
2026-04-07,71940.703125,112.94999694824219,4657.10009765625,6616.85009765625,25.780000686645508
2026-04-08,71123.359375,94.41000366210938,4749.5,6782.81005859375,21.040000915527344
2026-04-09,71767.828125,97.87000274658203,4792.2001953125,6824.66015625,19.489999771118164
2026-04-10,72979.046875,96.56999969482422,4761.89990234375,6816.89013671875,19.229999542236328
2026-04-11,73054.2734375,,,,
2026-04-12,70753.40625,,,,
2026-04-13,74484.640625,99.08000183105469,4742.39990234375,6886.240234375,19.1200008392334
2026-04-14,74181.609375,91.27999877929688,4825.0,6967.3798828125,18.360000610351562
2026-04-15,74805.078125,91.29000091552734,4800.0,7022.9501953125,18.170000076293945
2026-04-16,75152.1328125,94.69000244140625,4785.39990234375,7041.27978515625,17.940000534057617
2026-04-17,77126.875,83.8499984741211,4857.60009765625,7126.06005859375,17.479999542236328
2026-04-18,75726.2109375,,,,
2026-04-19,73856.3515625,,,,
2026-04-20,75872.5234375,89.61000061035156,4806.60009765625,7109.14013671875,18.8700008392334
2026-04-21,76352.7734375,92.12999725341797,4698.39990234375,7064.009765625,19.5
2026-04-22,78203.1015625,92.95999908447266,4732.5,7137.89990234375,18.920000076293945
2026-04-23,78268.953125,95.8499984741211,4705.10009765625,7108.39990234375,19.309999465942383
2026-04-24,77455.3125,94.4000015258789,4722.2998046875,7165.080078125,18.709999084472656
2026-04-25,77612.015625,,,,
2026-04-26,78657.5390625,,,,
2026-04-27,77366.625,96.37000274658203,4675.39990234375,7173.91015625,18.020000457763672
2026-04-28,76350.671875,99.93000030517578,4591.5,7138.7998046875,17.829999923706055
2026-04-29,75776.1328125,106.87999725341797,4545.2001953125,7135.9501953125,18.809999465942383
2026-04-30,76304.3203125,105.06999969482422,4614.7001953125,7209.009765625,16.889999389648438
2026-05-01,78179.0,101.94000244140625,4629.89990234375,7230.1201171875,16.989999771118164
2026-05-02,78657.25,,,,
2026-05-03,78538.2265625,,,,
2026-05-04,79827.90625,106.41999816894531,4519.5,7200.75,18.290000915527344
2026-05-05,80927.0546875,102.2699966430664,4555.7998046875,7259.22021484375,17.3799991607666
2026-05-06,81427.53125,95.08000183105469,4681.89990234375,7365.1201171875,17.389999389648438
2026-05-07,80009.9921875,94.80999755859375,4699.7998046875,7337.10986328125,17.079999923706055
2026-05-08,80186.765625,95.41999816894531,4720.39990234375,7398.93017578125,17.190000534057617
2026-05-09,80664.3671875,,,,
2026-05-10,82138.9296875,,,,
2026-05-11,81728.296875,98.06999969482422,4718.7001953125,7412.83984375,18.3799991607666
2026-05-12,80477.4921875,102.18000030517578,4677.60009765625,7400.9599609375,17.989999771118164
2026-05-13,79277.1171875,101.0199966430664,4697.7001953125,7444.25,17.8700008392334
2026-05-14,81051.25,101.16999816894531,4678.10009765625,7501.240234375,17.260000228881836
2026-05-15,79065.6796875,105.41999816894531,4555.7998046875,7408.5,18.43000030517578
2026-05-16,78131.4375,,,,
2026-05-17,77429.3515625,,,,
2026-05-18,76954.171875,108.66000366210938,4552.5,7403.0498046875,17.81999969482422
2026-05-19,76750.90625,107.7699966430664,4506.2998046875,7353.60986328125,18.059999465942383
2026-05-20,77457.7734375,98.26000213623047,4531.2998046875,7432.97021484375,17.440000534057617
2026-05-21,77539.171875,96.3499984741211,4539.7998046875,7445.72021484375,16.760000228881836
2026-05-22,75488.2421875,96.5999984741211,4521.0,7473.47021484375,16.700000762939453
2026-05-23,76673.3671875,,,,
2026-05-24,76981.125,,,,
2026-05-25,77433.0,96.5999984741211,4523.2001953125,,16.59000015258789
